experiment_id,timestamp,record_type,fold,git_commit,git_dirty,source_tree_sha256,source_manifest_path,config_path,config_sha256,feature_version,feature_manifest_sha256,model,model_params,train_period,val_period,seed,ic_mean,ic_std,icir,ic_positive_ratio,annual_excess,top1_annual_ret,mean_turnover,final_score,final_score_std,final_score_worst,artifact_manifest_path,artifact_manifest_sha256,artifact_paths,notes,record_sha256
p08_simple_factor_v1,2026-09-09T16:45:44+08:00,fold,fold_2022,UNBORN,True,FDC0473C9D9EFD3F93B77EBF27768082E14BA0ED0AE893DCB562981E8051F41C,D:\codex\fintechathon2026\experiments\manifests\source_FDC0473C9D9E.json,D:\codex\fintechathon2026\experiments\configs\phase8_baselines_3A5057772EB5.yaml,3A5057772EB547038E4C54198A251F343F1E5F3BFE882110F3A8A3C0C5E19795,model_view_v1,CF63C23452EABD75A0D350C573267F04BC10EDE94901F07BB415A9C0BAE8B685,simple_factor,"{""direction"":1.0,""feature"":""ret_20__rank""}",not_applicable,20220104-20221230,42,-0.035207036665249485,0.16488815359031306,-0.21352071630765018,0.4090909090909091,-0.7583708167076111,-0.8894990086555481,0.3713816641169673,-0.053008570834402274,,,D:\codex\fintechathon2026\experiments\manifests\phase8_artifacts_3B12D1486C7C.json,3B12D1486C7C44FA30B3D4EFE7085C1AFA4F8BD396D5335C4275D20D8682DEDE,"[""D:\\codex\\fintechathon2026\\models\\phase8_baselines\\fold_2022\\simple_factor_oof.parquet""]",full_validation_universe_float32_oof,E1126FB28A8E1115797F8AD29AC35B9014E5795062BCA2723C219CF794BB879A
p08_simple_factor_v1,2026-09-09T16:45:44+08:00,fold,fold_2023,UNBORN,True,FDC0473C9D9EFD3F93B77EBF27768082E14BA0ED0AE893DCB562981E8051F41C,D:\codex\fintechathon2026\experiments\manifests\source_FDC0473C9D9E.json,D:\codex\fintechathon2026\experiments\configs\phase8_baselines_3A5057772EB5.yaml,3A5057772EB547038E4C54198A251F343F1E5F3BFE882110F3A8A3C0C5E19795,model_view_v1,CF63C23452EABD75A0D350C573267F04BC10EDE94901F07BB415A9C0BAE8B685,simple_factor,"{""direction"":1.0,""feature"":""ret_20__rank""}",not_applicable,20230103-20231229,42,-0.03674183884560157,0.14253900759970395,-0.2577669051042129,0.40082644628099173,-0.6047443151473999,-0.5853210091590881,0.3558544183128769,-0.0028763674972526465,,,D:\codex\fintechathon2026\experiments\manifests\phase8_artifacts_3B12D1486C7C.json,3B12D1486C7C44FA30B3D4EFE7085C1AFA4F8BD396D5335C4275D20D8682DEDE,"[""D:\\codex\\fintechathon2026\\models\\phase8_baselines\\fold_2023\\simple_factor_oof.parquet""]",full_validation_universe_float32_oof,76C3B472DB6FE209E5C86FC88C255D68A3E06FB99CB0EC9BB1A0AF56FA694AEF
p08_simple_factor_v1,2026-09-09T16:45:44+08:00,fold,fold_2024,UNBORN,True,FDC0473C9D9EFD3F93B77EBF27768082E14BA0ED0AE893DCB562981E8051F41C,D:\codex\fintechathon2026\experiments\manifests\source_FDC0473C9D9E.json,D:\codex\fintechathon2026\experiments\configs\phase8_baselines_3A5057772EB5.yaml,3A5057772EB547038E4C54198A251F343F1E5F3BFE882110F3A8A3C0C5E19795,model_view_v1,CF63C23452EABD75A0D350C573267F04BC10EDE94901F07BB415A9C0BAE8B685,simple_factor,"{""direction"":1.0,""feature"":""ret_20__rank""}",not_applicable,20240102-20241231,42,-0.04021135075451836,0.221165758053414,-0.18181544515949374,0.4297520661157025,-0.8441057205200195,-0.8581503033638,0.37597479019079894,-0.08210871139644632,,,D:\codex\fintechathon2026\experiments\manifests\phase8_artifacts_3B12D1486C7C.json,3B12D1486C7C44FA30B3D4EFE7085C1AFA4F8BD396D5335C4275D20D8682DEDE,"[""D:\\codex\\fintechathon2026\\models\\phase8_baselines\\fold_2024\\simple_factor_oof.parquet""]",full_validation_universe_float32_oof,FD2BA572158DE0E15B0A945EDAB2530787D57E5AAE2CE0B40FF7CB72E0829C0E
p08_simple_factor_v1,2026-09-09T16:45:44+08:00,summary,all_equal_weight,UNBORN,True,FDC0473C9D9EFD3F93B77EBF27768082E14BA0ED0AE893DCB562981E8051F41C,D:\codex\fintechathon2026\experiments\manifests\source_FDC0473C9D9E.json,D:\codex\fintechathon2026\experiments\configs\phase8_baselines_3A5057772EB5.yaml,3A5057772EB547038E4C54198A251F343F1E5F3BFE882110F3A8A3C0C5E19795,model_view_v1,CF63C23452EABD75A0D350C573267F04BC10EDE94901F07BB415A9C0BAE8B685,simple_factor,"{""direction"":1.0,""feature"":""ret_20__rank""}",three_expanding_folds,2022|2023|2024,42,-0.03738674208845647,0.17619763974781033,-0.2177010221904523,0.4132231404958677,-0.7357402841250101,-0.7776567737261454,0.36773695754021435,-0.04599788324270041,0.04007871486614004,-0.08210871139644632,D:\codex\fintechathon2026\experiments\manifests\phase8_artifacts_3B12D1486C7C.json,3B12D1486C7C44FA30B3D4EFE7085C1AFA4F8BD396D5335C4275D20D8682DEDE,"[""D:\\codex\\fintechathon2026\\models\\phase8_baselines"",""D:\\codex\\fintechathon2026\\reports\\tables\\phase8_baseline_audit.json""]",equal_weight_fold_summary_not_concatenated_turnover,0670545DB3F773F689C7554481B49E3DB8671397BF89FD97F857D965036C9DDD
p08_ridge_v1,2026-09-09T16:45:44+08:00,fold,fold_2022,UNBORN,True,FDC0473C9D9EFD3F93B77EBF27768082E14BA0ED0AE893DCB562981E8051F41C,D:\codex\fintechathon2026\experiments\manifests\source_FDC0473C9D9E.json,D:\codex\fintechathon2026\experiments\configs\phase8_baselines_3A5057772EB5.yaml,3A5057772EB547038E4C54198A251F343F1E5F3BFE882110F3A8A3C0C5E19795,model_view_v1,CF63C23452EABD75A0D350C573267F04BC10EDE94901F07BB415A9C0BAE8B685,ridge,"{""alpha"":100.0,""feature_group"":""cross_zscore""}",20180102-20211230,20220104-20221230,42,0.050668952739974474,0.08712818469492017,0.5815449147413331,0.731404958677686,0.02909437194466591,-0.1020338386297226,0.8817300255089159,0.06447688577177285,,,D:\codex\fintechathon2026\experiments\manifests\phase8_artifacts_3B12D1486C7C.json,3B12D1486C7C44FA30B3D4EFE7085C1AFA4F8BD396D5335C4275D20D8682DEDE,"[""D:\\codex\\fintechathon2026\\models\\phase8_baselines\\fold_2022\\ridge_oof.parquet"",""D:\\codex\\fintechathon2026\\models\\phase8_baselines\\fold_2022\\ridge_model.npz""]",full_validation_universe_float32_oof,A254558FEC9E5AD1192648E5A3A3C663345398235D76FDB4AC2B40A75BCD8060
p08_ridge_v1,2026-09-09T16:45:44+08:00,fold,fold_2023,UNBORN,True,FDC0473C9D9EFD3F93B77EBF27768082E14BA0ED0AE893DCB562981E8051F41C,D:\codex\fintechathon2026\experiments\manifests\source_FDC0473C9D9E.json,D:\codex\fintechathon2026\experiments\configs\phase8_baselines_3A5057772EB5.yaml,3A5057772EB547038E4C54198A251F343F1E5F3BFE882110F3A8A3C0C5E19795,model_view_v1,CF63C23452EABD75A0D350C573267F04BC10EDE94901F07BB415A9C0BAE8B685,ridge,"{""alpha"":100.0,""feature_group"":""cross_zscore""}",20180102-20221229,20230103-20231229,42,0.05656761619218586,0.08954175761101282,0.6317456536639231,0.7272727272727273,0.06933724135160446,0.08876046538352966,0.8718600914896221,0.08187019255305615,,,D:\codex\fintechathon2026\experiments\manifests\phase8_artifacts_3B12D1486C7C.json,3B12D1486C7C44FA30B3D4EFE7085C1AFA4F8BD396D5335C4275D20D8682DEDE,"[""D:\\codex\\fintechathon2026\\models\\phase8_baselines\\fold_2023\\ridge_oof.parquet"",""D:\\codex\\fintechathon2026\\models\\phase8_baselines\\fold_2023\\ridge_model.npz""]",full_validation_universe_float32_oof,561671FC0DDE66EBE4438AFD3FED8AE134E9627BD19FA0DCC4F114FB0D04807E
p08_ridge_v1,2026-09-09T16:45:44+08:00,fold,fold_2024,UNBORN,True,FDC0473C9D9EFD3F93B77EBF27768082E14BA0ED0AE893DCB562981E8051F41C,D:\codex\fintechathon2026\experiments\manifests\source_FDC0473C9D9E.json,D:\codex\fintechathon2026\experiments\configs\phase8_baselines_3A5057772EB5.yaml,3A5057772EB547038E4C54198A251F343F1E5F3BFE882110F3A8A3C0C5E19795,model_view_v1,CF63C23452EABD75A0D350C573267F04BC10EDE94901F07BB415A9C0BAE8B685,ridge,"{""alpha"":100.0,""feature_group"":""cross_zscore""}",20180102-20231228,20240102-20241231,42,0.07532041957574422,0.14568456325738266,0.5170102987690929,0.7355371900826446,0.24692940711975098,0.23288482427597046,0.8748837141729432,0.1417418816748045,,,D:\codex\fintechathon2026\experiments\manifests\phase8_artifacts_3B12D1486C7C.json,3B12D1486C7C44FA30B3D4EFE7085C1AFA4F8BD396D5335C4275D20D8682DEDE,"[""D:\\codex\\fintechathon2026\\models\\phase8_baselines\\fold_2024\\ridge_oof.parquet"",""D:\\codex\\fintechathon2026\\models\\phase8_baselines\\fold_2024\\ridge_model.npz""]",full_validation_universe_float32_oof,F374C19E9B5EE4BFE5FDFD9285D8DE417DCAFAA27170AFA6F671C00822DCF80B
p08_ridge_v1,2026-09-09T16:45:44+08:00,summary,all_equal_weight,UNBORN,True,FDC0473C9D9EFD3F93B77EBF27768082E14BA0ED0AE893DCB562981E8051F41C,D:\codex\fintechathon2026\experiments\manifests\source_FDC0473C9D9E.json,D:\codex\fintechathon2026\experiments\configs\phase8_baselines_3A5057772EB5.yaml,3A5057772EB547038E4C54198A251F343F1E5F3BFE882110F3A8A3C0C5E19795,model_view_v1,CF63C23452EABD75A0D350C573267F04BC10EDE94901F07BB415A9C0BAE8B685,ridge,"{""alpha"":100.0,""feature_group"":""cross_zscore""}",three_expanding_folds,2022|2023|2024,42,0.06085232950263484,0.10745150185443857,0.576766955724783,0.731404958677686,0.11512034013867378,0.07320381700992584,0.876157943723827,0.09602965333321117,0.040531933646970705,0.06447688577177285,D:\codex\fintechathon2026\experiments\manifests\phase8_artifacts_3B12D1486C7C.json,3B12D1486C7C44FA30B3D4EFE7085C1AFA4F8BD396D5335C4275D20D8682DEDE,"[""D:\\codex\\fintechathon2026\\models\\phase8_baselines"",""D:\\codex\\fintechathon2026\\reports\\tables\\phase8_baseline_audit.json""]",equal_weight_fold_summary_not_concatenated_turnover,7959B6123284987B779CEECAD74E41779A9D10021247D9E9C6D1BE5D27278294
p08_lightgbm_v1,2026-09-09T16:45:44+08:00,fold,fold_2022,UNBORN,True,FDC0473C9D9EFD3F93B77EBF27768082E14BA0ED0AE893DCB562981E8051F41C,D:\codex\fintechathon2026\experiments\manifests\source_FDC0473C9D9E.json,D:\codex\fintechathon2026\experiments\configs\phase8_baselines_3A5057772EB5.yaml,3A5057772EB547038E4C54198A251F343F1E5F3BFE882110F3A8A3C0C5E19795,model_view_v1,CF63C23452EABD75A0D350C573267F04BC10EDE94901F07BB415A9C0BAE8B685,lightgbm,"{""feature_groups"":[""cross_rank"",""market""],""num_boost_round"":100,""params"":{""bagging_fraction"":0.8,""bagging_freq"":1,""bagging_seed"":42,""data_random_seed"":42,""deterministic"":true,""feature_fraction"":0.8,""feature_fraction_seed"":42,""force_col_wise"":true,""learning_rate"":0.05,""max_bin"":63,""min_data_in_leaf"":1000,""num_leaves"":31,""num_threads"":4,""objective"":""regression"",""seed"":42,""verbosity"":-1}}",20180102-20211230,20220104-20221230,42,0.0793538502586016,0.08017017535025912,0.9898175962807735,0.8677685950413223,0.15561863780021667,0.024490412324666977,0.23260503031818433,0.3086456223480503,,,D:\codex\fintechathon2026\experiments\manifests\phase8_artifacts_3B12D1486C7C.json,3B12D1486C7C44FA30B3D4EFE7085C1AFA4F8BD396D5335C4275D20D8682DEDE,"[""D:\\codex\\fintechathon2026\\models\\phase8_baselines\\fold_2022\\lightgbm_oof.parquet"",""D:\\codex\\fintechathon2026\\models\\phase8_baselines\\fold_2022\\lightgbm_model.txt""]",full_validation_universe_float32_oof,2E157C648D46661F172FFA2B0E27519FE905D929F1DED98662D1A612FF73AA7E
p08_lightgbm_v1,2026-09-09T16:45:44+08:00,fold,fold_2023,UNBORN,True,FDC0473C9D9EFD3F93B77EBF27768082E14BA0ED0AE893DCB562981E8051F41C,D:\codex\fintechathon2026\experiments\manifests\source_FDC0473C9D9E.json,D:\codex\fintechathon2026\experiments\configs\phase8_baselines_3A5057772EB5.yaml,3A5057772EB547038E4C54198A251F343F1E5F3BFE882110F3A8A3C0C5E19795,model_view_v1,CF63C23452EABD75A0D350C573267F04BC10EDE94901F07BB415A9C0BAE8B685,lightgbm,"{""feature_groups"":[""cross_rank"",""market""],""num_boost_round"":100,""params"":{""bagging_fraction"":0.8,""bagging_freq"":1,""bagging_seed"":42,""data_random_seed"":42,""deterministic"":true,""feature_fraction"":0.8,""feature_fraction_seed"":42,""force_col_wise"":true,""learning_rate"":0.05,""max_bin"":63,""min_data_in_leaf"":1000,""num_leaves"":31,""num_threads"":4,""objective"":""regression"",""seed"":42,""verbosity"":-1}}",20180102-20221229,20230103-20231229,42,0.07966643230485329,0.08929297553436216,0.8921914834632839,0.8553719008264463,0.1802353709936142,0.19965860247612,0.5242034242367865,0.22867615992922186,,,D:\codex\fintechathon2026\experiments\manifests\phase8_artifacts_3B12D1486C7C.json,3B12D1486C7C44FA30B3D4EFE7085C1AFA4F8BD396D5335C4275D20D8682DEDE,"[""D:\\codex\\fintechathon2026\\models\\phase8_baselines\\fold_2023\\lightgbm_oof.parquet"",""D:\\codex\\fintechathon2026\\models\\phase8_baselines\\fold_2023\\lightgbm_model.txt""]",full_validation_universe_float32_oof,4C36D91F90D5F4C6DA617F141D73E3FC0AED1B27CB7FBC09B293426D5BA738EE
p08_lightgbm_v1,2026-09-09T16:45:44+08:00,fold,fold_2024,UNBORN,True,FDC0473C9D9EFD3F93B77EBF27768082E14BA0ED0AE893DCB562981E8051F41C,D:\codex\fintechathon2026\experiments\manifests\source_FDC0473C9D9E.json,D:\codex\fintechathon2026\experiments\configs\phase8_baselines_3A5057772EB5.yaml,3A5057772EB547038E4C54198A251F343F1E5F3BFE882110F3A8A3C0C5E19795,model_view_v1,CF63C23452EABD75A0D350C573267F04BC10EDE94901F07BB415A9C0BAE8B685,lightgbm,"{""feature_groups"":[""cross_rank"",""market""],""num_boost_round"":100,""params"":{""bagging_fraction"":0.8,""bagging_freq"":1,""bagging_seed"":42,""data_random_seed"":42,""deterministic"":true,""feature_fraction"":0.8,""feature_fraction_seed"":42,""force_col_wise"":true,""learning_rate"":0.05,""max_bin"":63,""min_data_in_leaf"":1000,""num_leaves"":31,""num_threads"":4,""objective"":""regression"",""seed"":42,""verbosity"":-1}}",20180102-20231228,20240102-20241231,42,0.07910322171640677,0.11644586961003402,0.6793132464149723,0.78099173553719,0.28128427267074585,0.2672397494316101,0.7555915782213048,0.18934909851151113,,,D:\codex\fintechathon2026\experiments\manifests\phase8_artifacts_3B12D1486C7C.json,3B12D1486C7C44FA30B3D4EFE7085C1AFA4F8BD396D5335C4275D20D8682DEDE,"[""D:\\codex\\fintechathon2026\\models\\phase8_baselines\\fold_2024\\lightgbm_oof.parquet"",""D:\\codex\\fintechathon2026\\models\\phase8_baselines\\fold_2024\\lightgbm_model.txt""]",full_validation_universe_float32_oof,FF78F254ABA924F4ED188ADB115FCE4AB15CCAC90701DCAB85E0061ABE598E68
p08_lightgbm_v1,2026-09-09T16:45:44+08:00,summary,all_equal_weight,UNBORN,True,FDC0473C9D9EFD3F93B77EBF27768082E14BA0ED0AE893DCB562981E8051F41C,D:\codex\fintechathon2026\experiments\manifests\source_FDC0473C9D9E.json,D:\codex\fintechathon2026\experiments\configs\phase8_baselines_3A5057772EB5.yaml,3A5057772EB547038E4C54198A251F343F1E5F3BFE882110F3A8A3C0C5E19795,model_view_v1,CF63C23452EABD75A0D350C573267F04BC10EDE94901F07BB415A9C0BAE8B685,lightgbm,"{""feature_groups"":[""cross_rank"",""market""],""num_boost_round"":100,""params"":{""bagging_fraction"":0.8,""bagging_freq"":1,""bagging_seed"":42,""data_random_seed"":42,""deterministic"":true,""feature_fraction"":0.8,""feature_fraction_seed"":42,""force_col_wise"":true,""learning_rate"":0.05,""max_bin"":63,""min_data_in_leaf"":1000,""num_leaves"":31,""num_threads"":4,""objective"":""regression"",""seed"":42,""verbosity"":-1}}",three_expanding_folds,2022|2023|2024,42,0.07937450142662056,0.09530300683155175,0.8537741087196765,0.8347107438016529,0.20571276048819223,0.16379625474413237,0.5041333442587586,0.24222362692959445,0.060791163391278574,0.18934909851151113,D:\codex\fintechathon2026\experiments\manifests\phase8_artifacts_3B12D1486C7C.json,3B12D1486C7C44FA30B3D4EFE7085C1AFA4F8BD396D5335C4275D20D8682DEDE,"[""D:\\codex\\fintechathon2026\\models\\phase8_baselines"",""D:\\codex\\fintechathon2026\\reports\\tables\\phase8_baseline_audit.json""]",equal_weight_fold_summary_not_concatenated_turnover,E5BA9B00312210A81F67AC07C64E56FEB485CD950CB76FACFFDB850E9A4B0666
p10_lgb_turnover_v1,2026-09-10T11:01:18+08:00,fold,fold_2022,UNBORN,True,572269D31886E335F18BD3A9F55F5A40F3AE998BC121F8CA689591DC758AE5A7,D:\codex\fintechathon2026\experiments\manifests\source_572269D31886.json,D:\codex\fintechathon2026\experiments\configs\phase10_turnover_DE62D02FD958.yaml,DE62D02FD958C69F6269C743CC5A473BD126138D8B0A994E38D3D16F34783883,model_view_v1,CF63C23452EABD75A0D350C573267F04BC10EDE94901F07BB415A9C0BAE8B685,lightgbm_causal_turnover_postprocess,"{""alphas"":[1.0,0.9,0.8,0.7,0.6,0.5],""hysteresis_exit_fractions"":[0.1,0.125,0.15],""initialization"":""first_validation_observation"",""selected_alpha"":0.5,""selected_exit_fraction"":0.15,""source_model"":""lightgbm""}",20180102-20211230,20220104-20221230,42,0.08178353182455686,0.0838453625728987,0.9754091259782055,0.8388429752066116,0.2819560468196869,0.15082786977291107,0.13888775315002894,0.3756339008307201,,,D:\codex\fintechathon2026\experiments\manifests\phase10_artifacts_05885697F8D8.json,05885697F8D836B0F8D883B09C1CE3BD6FBC80368B9B60390F29FCF2EB88AE91,"[""D:\\codex\\fintechathon2026\\models\\phase10_turnover\\fold_2022\\lightgbm_turnover_oof.parquet""]",causal_rank_ema_hysteresis_float32_oof_no_test_data,CAD20EB0C62DCD920996ACF9BABCD052F402762759041DEE8C97DC76610615CA
p10_lgb_turnover_v1,2026-09-10T11:01:18+08:00,fold,fold_2023,UNBORN,True,572269D31886E335F18BD3A9F55F5A40F3AE998BC121F8CA689591DC758AE5A7,D:\codex\fintechathon2026\experiments\manifests\source_572269D31886.json,D:\codex\fintechathon2026\experiments\configs\phase10_turnover_DE62D02FD958.yaml,DE62D02FD958C69F6269C743CC5A473BD126138D8B0A994E38D3D16F34783883,model_view_v1,CF63C23452EABD75A0D350C573267F04BC10EDE94901F07BB415A9C0BAE8B685,lightgbm_causal_turnover_postprocess,"{""alphas"":[1.0,0.9,0.8,0.7,0.6,0.5],""hysteresis_exit_fractions"":[0.1,0.125,0.15],""initialization"":""first_validation_observation"",""selected_alpha"":0.5,""selected_exit_fraction"":0.15,""source_model"":""lightgbm""}",20180102-20221229,20230103-20231229,42,0.08494859733314852,0.10335933601262344,0.8218763839850288,0.8181818181818182,0.28264880180358887,0.3020719885826111,0.30210951591111146,0.3281412247010026,,,D:\codex\fintechathon2026\experiments\manifests\phase10_artifacts_05885697F8D8.json,05885697F8D836B0F8D883B09C1CE3BD6FBC80368B9B60390F29FCF2EB88AE91,"[""D:\\codex\\fintechathon2026\\models\\phase10_turnover\\fold_2023\\lightgbm_turnover_oof.parquet""]",causal_rank_ema_hysteresis_float32_oof_no_test_data,D155E8F6F1F2848B69F44D34943D9FFACC4C1A11A38CF1AE4397ED854274D685
p10_lgb_turnover_v1,2026-09-10T11:01:18+08:00,fold,fold_2024,UNBORN,True,572269D31886E335F18BD3A9F55F5A40F3AE998BC121F8CA689591DC758AE5A7,D:\codex\fintechathon2026\experiments\manifests\source_572269D31886.json,D:\codex\fintechathon2026\experiments\configs\phase10_turnover_DE62D02FD958.yaml,DE62D02FD958C69F6269C743CC5A473BD126138D8B0A994E38D3D16F34783883,model_view_v1,CF63C23452EABD75A0D350C573267F04BC10EDE94901F07BB415A9C0BAE8B685,lightgbm_causal_turnover_postprocess,"{""alphas"":[1.0,0.9,0.8,0.7,0.6,0.5],""hysteresis_exit_fractions"":[0.1,0.125,0.15],""initialization"":""first_validation_observation"",""selected_alpha"":0.5,""selected_exit_fraction"":0.15,""source_model"":""lightgbm""}",20180102-20231228,20240102-20241231,42,0.07958540493759303,0.12417477511882882,0.6409144277606618,0.7644628099173554,0.24755387008190155,0.23350919783115387,0.43912386592211095,0.27436316769332275,,,D:\codex\fintechathon2026\experiments\manifests\phase10_artifacts_05885697F8D8.json,05885697F8D836B0F8D883B09C1CE3BD6FBC80368B9B60390F29FCF2EB88AE91,"[""D:\\codex\\fintechathon2026\\models\\phase10_turnover\\fold_2024\\lightgbm_turnover_oof.parquet""]",causal_rank_ema_hysteresis_float32_oof_no_test_data,7E0414290AF4396A46796FCFB92B7B03374F3DB6649DDF5A07208226ADF2C14D
p10_lgb_turnover_v1,2026-09-10T11:01:18+08:00,summary,all_equal_weight,UNBORN,True,572269D31886E335F18BD3A9F55F5A40F3AE998BC121F8CA689591DC758AE5A7,D:\codex\fintechathon2026\experiments\manifests\source_572269D31886.json,D:\codex\fintechathon2026\experiments\configs\phase10_turnover_DE62D02FD958.yaml,DE62D02FD958C69F6269C743CC5A473BD126138D8B0A994E38D3D16F34783883,model_view_v1,CF63C23452EABD75A0D350C573267F04BC10EDE94901F07BB415A9C0BAE8B685,lightgbm_causal_turnover_postprocess,"{""alphas"":[1.0,0.9,0.8,0.7,0.6,0.5],""hysteresis_exit_fractions"":[0.1,0.125,0.15],""initialization"":""first_validation_observation"",""selected_alpha"":0.5,""selected_exit_fraction"":0.15,""source_model"":""lightgbm""}",three_expanding_folds,2022|2023|2024,42,0.08210584469843281,0.10379315790145031,0.812733312574632,0.8071625344352618,0.27071957290172577,0.228803018728892,0.2933737116610838,0.32604609774168186,0.05066786471994101,0.27436316769332275,D:\codex\fintechathon2026\experiments\manifests\phase10_artifacts_05885697F8D8.json,05885697F8D836B0F8D883B09C1CE3BD6FBC80368B9B60390F29FCF2EB88AE91,"[""D:\\codex\\fintechathon2026\\models\\phase10_turnover"",""D:\\codex\\fintechathon2026\\reports\\tables\\phase10_turnover_grid.parquet"",""D:\\codex\\fintechathon2026\\reports\\tables\\phase10_turnover_grid.csv""]",equal_weight_fold_selection_by_official_final_score_no_test_data,1061C78F40CF547EA86825A4FAE676ACA4B65F9D1B418ECBAB1C6DDA51832F32
p11_lgb_ridge_ensemble_v1,2026-09-10T11:22:23+08:00,fold,fold_2022,UNBORN,True,44308AC41BB19A418D5B677E6F857904194C0CC7728CE60D1192E3FBF03A91F8,D:\codex\fintechathon2026\experiments\manifests\source_44308AC41BB1.json,D:\codex\fintechathon2026\experiments\configs\phase11_ensemble_4FF41A49D4D5.yaml,4FF41A49D4D5BD1993CD621DCDC015902FADA8C42CE30D65F1A0518EE652C9AE,model_view_v1,CF63C23452EABD75A0D350C573267F04BC10EDE94901F07BB415A9C0BAE8B685,daily_rank_lightgbm_ridge_ensemble,"{""lightgbm_weights"":[0.0,0.05,0.1,0.15,0.2,0.25,0.3,0.35,0.4,0.45,0.5,0.55,0.6,0.65,0.7,0.75,0.8,0.85,0.9,0.95,1.0],""selected_lightgbm_weight"":0.65,""selected_ridge_weight"":0.35,""source_models"":[""lightgbm"",""ridge""],""turnover_alpha"":0.5,""turnover_exit_fraction"":0.15}",20180102-20211230,20220104-20221230,42,0.08027374277176197,0.08397171432065663,0.9559616999746666,0.8264462809917356,0.34006553888320923,0.20893728733062744,0.12775245162014404,0.39580342924808876,,,D:\codex\fintechathon2026\experiments\manifests\phase11_artifacts_D3F01499F33E.json,D3F01499F33E37A9297BBB962D680629A9806C8C3E7345A668F41F120EE1E3DB,"[""D:\\codex\\fintechathon2026\\models\\phase11_ensemble\\fold_2022\\ensemble_oof.parquet""]",daily_rank_blend_then_locked_phase10_postprocess_no_test_data,D9B58CBD3CC432C73AD62684BCCBB643CA2EC8F4108F648FC2FDCAEA1ECA5FC1
p11_lgb_ridge_ensemble_v1,2026-09-10T11:22:23+08:00,fold,fold_2023,UNBORN,True,44308AC41BB19A418D5B677E6F857904194C0CC7728CE60D1192E3FBF03A91F8,D:\codex\fintechathon2026\experiments\manifests\source_44308AC41BB1.json,D:\codex\fintechathon2026\experiments\configs\phase11_ensemble_4FF41A49D4D5.yaml,4FF41A49D4D5BD1993CD621DCDC015902FADA8C42CE30D65F1A0518EE652C9AE,model_view_v1,CF63C23452EABD75A0D350C573267F04BC10EDE94901F07BB415A9C0BAE8B685,daily_rank_lightgbm_ridge_ensemble,"{""lightgbm_weights"":[0.0,0.05,0.1,0.15,0.2,0.25,0.3,0.35,0.4,0.45,0.5,0.55,0.6,0.65,0.7,0.75,0.8,0.85,0.9,0.95,1.0],""selected_lightgbm_weight"":0.65,""selected_ridge_weight"":0.35,""source_models"":[""lightgbm"",""ridge""],""turnover_alpha"":0.5,""turnover_exit_fraction"":0.15}",20180102-20221229,20230103-20231229,42,0.08632288255955871,0.10291118243600801,0.8388095493241058,0.7975206611570248,0.31118059158325195,0.33060377836227417,0.27974651008912754,0.343959380452293,,,D:\codex\fintechathon2026\experiments\manifests\phase11_artifacts_D3F01499F33E.json,D3F01499F33E37A9297BBB962D680629A9806C8C3E7345A668F41F120EE1E3DB,"[""D:\\codex\\fintechathon2026\\models\\phase11_ensemble\\fold_2023\\ensemble_oof.parquet""]",daily_rank_blend_then_locked_phase10_postprocess_no_test_data,5A1B1409FC2CB3830981202241B6AC59233B3551CEBFEC1A122A5743D084B45E
p11_lgb_ridge_ensemble_v1,2026-09-10T11:22:23+08:00,fold,fold_2024,UNBORN,True,44308AC41BB19A418D5B677E6F857904194C0CC7728CE60D1192E3FBF03A91F8,D:\codex\fintechathon2026\experiments\manifests\source_44308AC41BB1.json,D:\codex\fintechathon2026\experiments\configs\phase11_ensemble_4FF41A49D4D5.yaml,4FF41A49D4D5BD1993CD621DCDC015902FADA8C42CE30D65F1A0518EE652C9AE,model_view_v1,CF63C23452EABD75A0D350C573267F04BC10EDE94901F07BB415A9C0BAE8B685,daily_rank_lightgbm_ridge_ensemble,"{""lightgbm_weights"":[0.0,0.05,0.1,0.15,0.2,0.25,0.3,0.35,0.4,0.45,0.5,0.55,0.6,0.65,0.7,0.75,0.8,0.85,0.9,0.95,1.0],""selected_lightgbm_weight"":0.65,""selected_ridge_weight"":0.35,""source_models"":[""lightgbm"",""ridge""],""turnover_alpha"":0.5,""turnover_exit_fraction"":0.15}",20180102-20231228,20240102-20241231,42,0.0864628112193869,0.11773451272953528,0.73438798203559,0.7603305785123967,0.2530050575733185,0.238960400223732,0.42597613769973747,0.2826938064102935,,,D:\codex\fintechathon2026\experiments\manifests\phase11_artifacts_D3F01499F33E.json,D3F01499F33E37A9297BBB962D680629A9806C8C3E7345A668F41F120EE1E3DB,"[""D:\\codex\\fintechathon2026\\models\\phase11_ensemble\\fold_2024\\ensemble_oof.parquet""]",daily_rank_blend_then_locked_phase10_postprocess_no_test_data,4DD5FB9A6475FE382DAE329C29419D35F11C3DFED61A0F39A692DAAE237946B2
p11_lgb_ridge_ensemble_v1,2026-09-10T11:22:23+08:00,summary,all_equal_weight,UNBORN,True,44308AC41BB19A418D5B677E6F857904194C0CC7728CE60D1192E3FBF03A91F8,D:\codex\fintechathon2026\experiments\manifests\source_44308AC41BB1.json,D:\codex\fintechathon2026\experiments\configs\phase11_ensemble_4FF41A49D4D5.yaml,4FF41A49D4D5BD1993CD621DCDC015902FADA8C42CE30D65F1A0518EE652C9AE,model_view_v1,CF63C23452EABD75A0D350C573267F04BC10EDE94901F07BB415A9C0BAE8B685,daily_rank_lightgbm_ridge_ensemble,"{""lightgbm_weights"":[0.0,0.05,0.1,0.15,0.2,0.25,0.3,0.35,0.4,0.45,0.5,0.55,0.6,0.65,0.7,0.75,0.8,0.85,0.9,0.95,1.0],""selected_lightgbm_weight"":0.65,""selected_ridge_weight"":0.35,""source_models"":[""lightgbm"",""ridge""],""turnover_alpha"":0.5,""turnover_exit_fraction"":0.15}",three_expanding_folds,2022|2023|2024,42,0.08435314551690254,0.10153913649539997,0.843053077111454,0.7947658402203857,0.3014170626799266,0.25950048863887787,0.27782503313633633,0.3408188720368918,0.05662017122419781,0.2826938064102935,D:\codex\fintechathon2026\experiments\manifests\phase11_artifacts_D3F01499F33E.json,D3F01499F33E37A9297BBB962D680629A9806C8C3E7345A668F41F120EE1E3DB,"[""D:\\codex\\fintechathon2026\\models\\phase11_ensemble"",""D:\\codex\\fintechathon2026\\reports\\tables\\phase11_ensemble_grid.parquet"",""D:\\codex\\fintechathon2026\\reports\\tables\\phase11_ensemble_grid.csv""]",equal_weight_fold_selection_by_official_final_score_no_test_data,1A823ABC3BD92AFEFAEF21D0E32B194466F3C6127322F59F7DE26F65174E7DB7
p12_lambdarank_raw_v1,2026-09-10T12:50:35+08:00,fold,fold_2022,UNBORN,True,228A0329CC8D8488BB5B03822F617B770174FAC1F9ACA2622AA47D02CC385FDE,D:\codex\fintechathon2026\experiments\manifests\source_228A0329CC8D.json,D:\codex\fintechathon2026\experiments\configs\phase12_lambdarank_96A5BA69FC17.yaml,96A5BA69FC17FD0DEFCC30477F273729A64EB5DC622DBAF220A74329DD57C29D,model_view_v1,CF63C23452EABD75A0D350C573267F04BC10EDE94901F07BB415A9C0BAE8B685,lightgbm_lambdarank_raw,"{""features"":[""cross_rank"",""market""],""num_boost_round"":100,""params"":{""bagging_fraction"":0.8,""bagging_freq"":1,""bagging_seed"":42,""data_random_seed"":42,""deterministic"":true,""feature_fraction"":0.8,""feature_fraction_seed"":42,""force_col_wise"":true,""label_gain"":[0,1,2,3,4,5,6,7,8,9],""lambdarank_norm"":true,""lambdarank_truncation_level"":500,""learning_rate"":0.05,""max_bin"":63,""metric"":""None"",""min_data_in_leaf"":1000,""num_leaves"":31,""num_threads"":4,""objective"":""lambdarank"",""seed"":42,""verbosity"":-1},""relevance_bins"":10,""relevance_rule"":""ceil_within_date_percentile_times_bins_minus_one"",""turnover_alpha"":0.5,""turnover_exit_fraction"":0.15}",20180102-20211230,20220104-20221230,42,0.11116942613596019,0.09759630558199905,1.1390741224580185,0.8925619834710744,0.45292264223098755,0.3217943608760834,0.20175597071587953,0.4198177838298454,,,D:\codex\fintechathon2026\experiments\manifests\phase12_artifacts_A32B48A98B71.json,A32B48A98B711CE7B77426DF56BEA9F3ADB6A3B4CB843F6F7DADA39F7F4EBF19,"[""D:\\codex\\fintechathon2026\\models\\phase12_lambdarank\\fold_2022\\ranker_raw_oof.parquet"",""D:\\codex\\fintechathon2026\\models\\phase12_lambdarank\\fold_2022\\lambdarank_model.txt""]",date_grouped_integer_relevance_real_train_labels_no_test_data,6B5253E5B8BD409021C991197FF886FA518EA8F907EA36372083BF3794723C8F
p12_lambdarank_raw_v1,2026-09-10T12:50:35+08:00,fold,fold_2023,UNBORN,True,228A0329CC8D8488BB5B03822F617B770174FAC1F9ACA2622AA47D02CC385FDE,D:\codex\fintechathon2026\experiments\manifests\source_228A0329CC8D.json,D:\codex\fintechathon2026\experiments\configs\phase12_lambdarank_96A5BA69FC17.yaml,96A5BA69FC17FD0DEFCC30477F273729A64EB5DC622DBAF220A74329DD57C29D,model_view_v1,CF63C23452EABD75A0D350C573267F04BC10EDE94901F07BB415A9C0BAE8B685,lightgbm_lambdarank_raw,"{""features"":[""cross_rank"",""market""],""num_boost_round"":100,""params"":{""bagging_fraction"":0.8,""bagging_freq"":1,""bagging_seed"":42,""data_random_seed"":42,""deterministic"":true,""feature_fraction"":0.8,""feature_fraction_seed"":42,""force_col_wise"":true,""label_gain"":[0,1,2,3,4,5,6,7,8,9],""lambdarank_norm"":true,""lambdarank_truncation_level"":500,""learning_rate"":0.05,""max_bin"":63,""metric"":""None"",""min_data_in_leaf"":1000,""num_leaves"":31,""num_threads"":4,""objective"":""lambdarank"",""seed"":42,""verbosity"":-1},""relevance_bins"":10,""relevance_rule"":""ceil_within_date_percentile_times_bins_minus_one"",""turnover_alpha"":0.5,""turnover_exit_fraction"":0.15}",20180102-20221229,20230103-20231229,42,0.1125768579548503,0.1080872754917106,1.041536641965631,0.8512396694214877,0.39245671033859253,0.41187992691993713,0.44521192930526055,0.32920418196228807,,,D:\codex\fintechathon2026\experiments\manifests\phase12_artifacts_A32B48A98B71.json,A32B48A98B711CE7B77426DF56BEA9F3ADB6A3B4CB843F6F7DADA39F7F4EBF19,"[""D:\\codex\\fintechathon2026\\models\\phase12_lambdarank\\fold_2023\\ranker_raw_oof.parquet"",""D:\\codex\\fintechathon2026\\models\\phase12_lambdarank\\fold_2023\\lambdarank_model.txt""]",date_grouped_integer_relevance_real_train_labels_no_test_data,22052BE8350DFDEB6B77059F8E34A3CE527E71C3FF4723D448054AF11FA14FF9
p12_lambdarank_raw_v1,2026-09-10T12:50:35+08:00,fold,fold_2024,UNBORN,True,228A0329CC8D8488BB5B03822F617B770174FAC1F9ACA2622AA47D02CC385FDE,D:\codex\fintechathon2026\experiments\manifests\source_228A0329CC8D.json,D:\codex\fintechathon2026\experiments\configs\phase12_lambdarank_96A5BA69FC17.yaml,96A5BA69FC17FD0DEFCC30477F273729A64EB5DC622DBAF220A74329DD57C29D,model_view_v1,CF63C23452EABD75A0D350C573267F04BC10EDE94901F07BB415A9C0BAE8B685,lightgbm_lambdarank_raw,"{""features"":[""cross_rank"",""market""],""num_boost_round"":100,""params"":{""bagging_fraction"":0.8,""bagging_freq"":1,""bagging_seed"":42,""data_random_seed"":42,""deterministic"":true,""feature_fraction"":0.8,""feature_fraction_seed"":42,""force_col_wise"":true,""label_gain"":[0,1,2,3,4,5,6,7,8,9],""lambdarank_norm"":true,""lambdarank_truncation_level"":500,""learning_rate"":0.05,""max_bin"":63,""metric"":""None"",""min_data_in_leaf"":1000,""num_leaves"":31,""num_threads"":4,""objective"":""lambdarank"",""seed"":42,""verbosity"":-1},""relevance_bins"":10,""relevance_rule"":""ceil_within_date_percentile_times_bins_minus_one"",""turnover_alpha"":0.5,""turnover_exit_fraction"":0.15}",20180102-20231228,20240102-20241231,42,0.10369269220573953,0.15151163144857066,0.6843876685529396,0.7892561983471075,0.34667670726776123,0.3326321840286255,0.6511209686599703,0.2501438059152137,,,D:\codex\fintechathon2026\experiments\manifests\phase12_artifacts_A32B48A98B71.json,A32B48A98B711CE7B77426DF56BEA9F3ADB6A3B4CB843F6F7DADA39F7F4EBF19,"[""D:\\codex\\fintechathon2026\\models\\phase12_lambdarank\\fold_2024\\ranker_raw_oof.parquet"",""D:\\codex\\fintechathon2026\\models\\phase12_lambdarank\\fold_2024\\lambdarank_model.txt""]",date_grouped_integer_relevance_real_train_labels_no_test_data,C1C393AA455A4D4F7A119542BEB28BDE9F8B72C7A4519D7EEA64EF77E241B352
p12_lambdarank_raw_v1,2026-09-10T12:50:35+08:00,summary,all_equal_weight,UNBORN,True,228A0329CC8D8488BB5B03822F617B770174FAC1F9ACA2622AA47D02CC385FDE,D:\codex\fintechathon2026\experiments\manifests\source_228A0329CC8D.json,D:\codex\fintechathon2026\experiments\configs\phase12_lambdarank_96A5BA69FC17.yaml,96A5BA69FC17FD0DEFCC30477F273729A64EB5DC622DBAF220A74329DD57C29D,model_view_v1,CF63C23452EABD75A0D350C573267F04BC10EDE94901F07BB415A9C0BAE8B685,lightgbm_lambdarank_raw,"{""features"":[""cross_rank"",""market""],""num_boost_round"":100,""params"":{""bagging_fraction"":0.8,""bagging_freq"":1,""bagging_seed"":42,""data_random_seed"":42,""deterministic"":true,""feature_fraction"":0.8,""feature_fraction_seed"":42,""force_col_wise"":true,""label_gain"":[0,1,2,3,4,5,6,7,8,9],""lambdarank_norm"":true,""lambdarank_truncation_level"":500,""learning_rate"":0.05,""max_bin"":63,""metric"":""None"",""min_data_in_leaf"":1000,""num_leaves"":31,""num_threads"":4,""objective"":""lambdarank"",""seed"":42,""verbosity"":-1},""relevance_bins"":10,""relevance_rule"":""ceil_within_date_percentile_times_bins_minus_one"",""turnover_alpha"":0.5,""turnover_exit_fraction"":0.15}",three_expanding_folds,2022|2023|2024,42,0.10914632543218333,0.11906507084076011,0.9549994776588631,0.84435261707989,0.39735201994578045,0.35543549060821533,0.43269628956037015,0.3330552572357824,0.08490251928485587,0.2501438059152137,D:\codex\fintechathon2026\experiments\manifests\phase12_artifacts_A32B48A98B71.json,A32B48A98B711CE7B77426DF56BEA9F3ADB6A3B4CB843F6F7DADA39F7F4EBF19,"[""D:\\codex\\fintechathon2026\\models\\phase12_lambdarank"",""D:\\codex\\fintechathon2026\\reports\\tables\\phase12_lambdarank_audit.json""]",equal_weight_fold_summary_no_test_data,877CB86627A95458076FAC9602BF2A5FE56E2C4B3BE593679D4BEEA6243505D9
p12_lambdarank_turnover_v1,2026-09-10T12:50:35+08:00,fold,fold_2022,UNBORN,True,228A0329CC8D8488BB5B03822F617B770174FAC1F9ACA2622AA47D02CC385FDE,D:\codex\fintechathon2026\experiments\manifests\source_228A0329CC8D.json,D:\codex\fintechathon2026\experiments\configs\phase12_lambdarank_96A5BA69FC17.yaml,96A5BA69FC17FD0DEFCC30477F273729A64EB5DC622DBAF220A74329DD57C29D,model_view_v1,CF63C23452EABD75A0D350C573267F04BC10EDE94901F07BB415A9C0BAE8B685,lightgbm_lambdarank_turnover,"{""features"":[""cross_rank"",""market""],""num_boost_round"":100,""params"":{""bagging_fraction"":0.8,""bagging_freq"":1,""bagging_seed"":42,""data_random_seed"":42,""deterministic"":true,""feature_fraction"":0.8,""feature_fraction_seed"":42,""force_col_wise"":true,""label_gain"":[0,1,2,3,4,5,6,7,8,9],""lambdarank_norm"":true,""lambdarank_truncation_level"":500,""learning_rate"":0.05,""max_bin"":63,""metric"":""None"",""min_data_in_leaf"":1000,""num_leaves"":31,""num_threads"":4,""objective"":""lambdarank"",""seed"":42,""verbosity"":-1},""relevance_bins"":10,""relevance_rule"":""ceil_within_date_percentile_times_bins_minus_one"",""turnover_alpha"":0.5,""turnover_exit_fraction"":0.15}",20180102-20211230,20220104-20221230,42,0.10635549374877482,0.10366033684685136,1.0259998856255437,0.8553719008264463,0.42506858706474304,0.29394039511680603,0.08280717812956688,0.4452206201800628,,,D:\codex\fintechathon2026\experiments\manifests\phase12_artifacts_A32B48A98B71.json,A32B48A98B711CE7B77426DF56BEA9F3ADB6A3B4CB843F6F7DADA39F7F4EBF19,"[""D:\\codex\\fintechathon2026\\models\\phase12_lambdarank\\fold_2022\\ranker_turnover_oof.parquet"",""D:\\codex\\fintechathon2026\\models\\phase12_lambdarank\\fold_2022\\lambdarank_model.txt""]",date_grouped_integer_relevance_real_train_labels_no_test_data,7575D15AB7252E0C2AF77C48C189BC33343E0C3D9E01A82753F48D93A8531F2A
p12_lambdarank_turnover_v1,2026-09-10T12:50:35+08:00,fold,fold_2023,UNBORN,True,228A0329CC8D8488BB5B03822F617B770174FAC1F9ACA2622AA47D02CC385FDE,D:\codex\fintechathon2026\experiments\manifests\source_228A0329CC8D.json,D:\codex\fintechathon2026\experiments\configs\phase12_lambdarank_96A5BA69FC17.yaml,96A5BA69FC17FD0DEFCC30477F273729A64EB5DC622DBAF220A74329DD57C29D,model_view_v1,CF63C23452EABD75A0D350C573267F04BC10EDE94901F07BB415A9C0BAE8B685,lightgbm_lambdarank_turnover,"{""features"":[""cross_rank"",""market""],""num_boost_round"":100,""params"":{""bagging_fraction"":0.8,""bagging_freq"":1,""bagging_seed"":42,""data_random_seed"":42,""deterministic"":true,""feature_fraction"":0.8,""feature_fraction_seed"":42,""force_col_wise"":true,""label_gain"":[0,1,2,3,4,5,6,7,8,9],""lambdarank_norm"":true,""lambdarank_truncation_level"":500,""learning_rate"":0.05,""max_bin"":63,""metric"":""None"",""min_data_in_leaf"":1000,""num_leaves"":31,""num_threads"":4,""objective"":""lambdarank"",""seed"":42,""verbosity"":-1},""relevance_bins"":10,""relevance_rule"":""ceil_within_date_percentile_times_bins_minus_one"",""turnover_alpha"":0.5,""turnover_exit_fraction"":0.15}",20180102-20221229,20230103-20231229,42,0.10974804420598853,0.11291359695279314,0.971964822375395,0.8181818181818182,0.3304949402809143,0.3499181866645813,0.2335210578998154,0.3729913898473057,,,D:\codex\fintechathon2026\experiments\manifests\phase12_artifacts_A32B48A98B71.json,A32B48A98B711CE7B77426DF56BEA9F3ADB6A3B4CB843F6F7DADA39F7F4EBF19,"[""D:\\codex\\fintechathon2026\\models\\phase12_lambdarank\\fold_2023\\ranker_turnover_oof.parquet"",""D:\\codex\\fintechathon2026\\models\\phase12_lambdarank\\fold_2023\\lambdarank_model.txt""]",date_grouped_integer_relevance_real_train_labels_no_test_data,6D5AC62259129E8913031F797C08E8447BC8203E389EBC340CBB97250738092F
p12_lambdarank_turnover_v1,2026-09-10T12:50:35+08:00,fold,fold_2024,UNBORN,True,228A0329CC8D8488BB5B03822F617B770174FAC1F9ACA2622AA47D02CC385FDE,D:\codex\fintechathon2026\experiments\manifests\source_228A0329CC8D.json,D:\codex\fintechathon2026\experiments\configs\phase12_lambdarank_96A5BA69FC17.yaml,96A5BA69FC17FD0DEFCC30477F273729A64EB5DC622DBAF220A74329DD57C29D,model_view_v1,CF63C23452EABD75A0D350C573267F04BC10EDE94901F07BB415A9C0BAE8B685,lightgbm_lambdarank_turnover,"{""features"":[""cross_rank"",""market""],""num_boost_round"":100,""params"":{""bagging_fraction"":0.8,""bagging_freq"":1,""bagging_seed"":42,""data_random_seed"":42,""deterministic"":true,""feature_fraction"":0.8,""feature_fraction_seed"":42,""force_col_wise"":true,""label_gain"":[0,1,2,3,4,5,6,7,8,9],""lambdarank_norm"":true,""lambdarank_truncation_level"":500,""learning_rate"":0.05,""max_bin"":63,""metric"":""None"",""min_data_in_leaf"":1000,""num_leaves"":31,""num_threads"":4,""objective"":""lambdarank"",""seed"":42,""verbosity"":-1},""relevance_bins"":10,""relevance_rule"":""ceil_within_date_percentile_times_bins_minus_one"",""turnover_alpha"":0.5,""turnover_exit_fraction"":0.15}",20180102-20231228,20240102-20241231,42,0.09647523123965694,0.15433789127714026,0.6250910287896772,0.768595041322314,0.24436411261558533,0.23031944036483765,0.32056195962708506,0.315730739882529,,,D:\codex\fintechathon2026\experiments\manifests\phase12_artifacts_A32B48A98B71.json,A32B48A98B711CE7B77426DF56BEA9F3ADB6A3B4CB843F6F7DADA39F7F4EBF19,"[""D:\\codex\\fintechathon2026\\models\\phase12_lambdarank\\fold_2024\\ranker_turnover_oof.parquet"",""D:\\codex\\fintechathon2026\\models\\phase12_lambdarank\\fold_2024\\lambdarank_model.txt""]",date_grouped_integer_relevance_real_train_labels_no_test_data,223ADAB1C9A9B8BDAE9E26CDD19AAE67885F26783C2E7A6417BB5E065262FA0A
p12_lambdarank_turnover_v1,2026-09-10T12:50:35+08:00,summary,all_equal_weight,UNBORN,True,228A0329CC8D8488BB5B03822F617B770174FAC1F9ACA2622AA47D02CC385FDE,D:\codex\fintechathon2026\experiments\manifests\source_228A0329CC8D.json,D:\codex\fintechathon2026\experiments\configs\phase12_lambdarank_96A5BA69FC17.yaml,96A5BA69FC17FD0DEFCC30477F273729A64EB5DC622DBAF220A74329DD57C29D,model_view_v1,CF63C23452EABD75A0D350C573267F04BC10EDE94901F07BB415A9C0BAE8B685,lightgbm_lambdarank_turnover,"{""features"":[""cross_rank"",""market""],""num_boost_round"":100,""params"":{""bagging_fraction"":0.8,""bagging_freq"":1,""bagging_seed"":42,""data_random_seed"":42,""deterministic"":true,""feature_fraction"":0.8,""feature_fraction_seed"":42,""force_col_wise"":true,""label_gain"":[0,1,2,3,4,5,6,7,8,9],""lambdarank_norm"":true,""lambdarank_truncation_level"":500,""learning_rate"":0.05,""max_bin"":63,""metric"":""None"",""min_data_in_leaf"":1000,""num_leaves"":31,""num_threads"":4,""objective"":""lambdarank"",""seed"":42,""verbosity"":-1},""relevance_bins"":10,""relevance_rule"":""ceil_within_date_percentile_times_bins_minus_one"",""turnover_alpha"":0.5,""turnover_exit_fraction"":0.15}",three_expanding_folds,2022|2023|2024,42,0.10419292306480676,0.12363727502559492,0.8743519122635387,0.8140495867768595,0.33330921332041424,0.29139267404874164,0.21229673188548911,0.3779809166366325,0.06488897293110338,0.315730739882529,D:\codex\fintechathon2026\experiments\manifests\phase12_artifacts_A32B48A98B71.json,A32B48A98B711CE7B77426DF56BEA9F3ADB6A3B4CB843F6F7DADA39F7F4EBF19,"[""D:\\codex\\fintechathon2026\\models\\phase12_lambdarank"",""D:\\codex\\fintechathon2026\\reports\\tables\\phase12_lambdarank_audit.json""]",equal_weight_fold_summary_no_test_data,74988BD108AE5DF74093BEA8FB8A8558204C361A7C23C53200D6EA898E1164C1
p13_advanced_features_v1,2026-09-10T14:07:01+08:00,artifact,not_applicable,UNBORN,True,33A42426258C840E5F0A590699A0B392938D37A65C2C7A108546C952EDBE8E66,D:\codex\fintechathon2026\experiments\manifests\source_33A42426258C.json,D:\codex\fintechathon2026\experiments\configs\phase13_advanced_13DD152AA203.yaml,13DD152AA203F10C8FB80BEC760541B468F7B187C37C9D0A6A9B9A994E8C0762,advanced_features_v1,C294F0197E4B91765F85B66F0EF74874DAFEA2EC6FB45F69C5F4F2B8C38AF473,feature_build_only_no_model,"{""feature_count"":32,""warmup_days"":250}",20180102-20241231,not_applicable,42,,,,,,,,,,,D:\codex\fintechathon2026\experiments\manifests\phase13_artifacts_DA8505FE4EA8.json,DA8505FE4EA8643826B65B9415D89B60B3C4F0BCBCD86A38CC51ADE43168BA4E,"[""D:\\codex\\fintechathon2026\\data\\processed\\advanced_features_v1_train_by_year"",""D:\\codex\\fintechathon2026\\data\\processed\\advanced_features_v1_test_by_year"",""D:\\codex\\fintechathon2026\\reports\\tables\\phase13_advanced_feature_dictionary.csv""]",causal_incremental_features_no_label_screening_no_model_training,0A39A470DBD2F5F385DE35D75E047AEDE6BA958117F0A4C7B5B2B3F9C9744B00
p14_feature_screening_v1,2026-09-10T14:34:30+08:00,artifact,screen_2018_2021_holdout_2022_2024,UNBORN,True,7F866AB3CF2E1779849D2A13DEF58BC475004407C9B7BC9BA633A97521E500B7,D:\codex\fintechathon2026\experiments\manifests\source_7F866AB3CF2E.json,D:\codex\fintechathon2026\experiments\configs\phase14_screening_D0632C6802E3.yaml,D0632C6802E336DAB18A5E9CBB6382B213D5644624582AFDA2E2089357B14AAC,advanced_features_v1,C294F0197E4B91765F85B66F0EF74874DAFEA2EC6FB45F69C5F4F2B8C38AF473,feature_screening_and_rank_composite_ablation_no_predictive_model,"{""max_abs_rank_correlation"":0.9,""max_selected_per_family"":2,""max_selected_total"":16,""min_abs_ic_mean"":0.01,""min_abs_icir"":0.1,""min_aligned_positive_ratio"":0.52,""min_consistent_screen_years"":3,""min_coverage"":0.75}",20180102-20211231,2022|2023|2024,42,,,,,,,,,,,D:\codex\fintechathon2026\experiments\manifests\phase14_artifacts_A2F4BF9C48E9.json,A2F4BF9C48E97EFCD3C1C2940F07ECBD92059E6F9E353C4EFDF680AF0723AFD6,"[""D:\\codex\\fintechathon2026\\reports\\tables\\phase14_feature_daily_metrics.parquet"",""D:\\codex\\fintechathon2026\\reports\\tables\\phase14_feature_summary.csv"",""D:\\codex\\fintechathon2026\\reports\\tables\\phase14_feature_by_year.csv"",""D:\\codex\\fintechathon2026\\reports\\tables\\phase14_feature_by_regime.csv"",""D:\\codex\\fintechathon2026\\reports\\tables\\phase14_rank_correlation.csv"",""D:\\codex\\fintechathon2026\\reports\\tables\\phase14_family_ablation.csv"",""D:\\codex\\fintechathon2026\\reports\\tables\\phase14_selected_features.json""]",holdout_not_used_for_selection_proxy_not_final_model_performance_no_test_data,F34913010FF932062BAA9381CC327043FB2B8211774CA0C99AFC94D5D4633DEF
p15_atr_full_raw_v1,2026-09-10T16:52:05+08:00,fold,fold_2022,UNBORN,True,5E76AC53BB499A831AFBF99D002E1F0332FE4B816C6C42033DABAE02F8C788D8,D:\codex\fintechathon2026\experiments\manifests\source_5E76AC53BB49.json,D:\codex\fintechathon2026\experiments\configs\phase15_stability_16A86B038E9C.yaml,16A86B038E9C03CB59D9B9928A910E48FADF0C93E31C0300BC990AF6A8192093,model_view_v2_atr_rank,003E53AFEABCAF17B09384B8F15CBDA106D1A64E834E959D5B840598D78DC1E9,lightgbm_lambdarank_atr_full_expanding_raw,"{""advanced_features"":[""atr_norm_14"",""atr_norm_28""],""alpha"":0.5,""exit_fraction"":0.15,""num_boost_round"":100,""ranking"":{""bagging_fraction"":0.8,""bagging_freq"":1,""bagging_seed"":42,""data_random_seed"":42,""deterministic"":true,""feature_fraction"":0.8,""feature_fraction_seed"":42,""force_col_wise"":true,""label_gain"":[0,1,2,3,4,5,6,7,8,9],""lambdarank_norm"":true,""lambdarank_truncation_level"":500,""learning_rate"":0.05,""max_bin"":63,""metric"":""None"",""min_data_in_leaf"":1000,""num_leaves"":31,""num_threads"":4,""objective"":""lambdarank"",""seed"":42,""verbosity"":-1},""window_years"":null}",20180102-20211230,2022,42,0.10970897387483157,0.09729579635078645,1.1275818482361883,0.871900826446281,0.42984601855278015,0.29871779680252075,0.20227086803166017,0.4121561436469653,,,D:\codex\fintechathon2026\experiments\manifests\phase15_artifacts_4E918E8398A4.json,4E918E8398A4F448382CA7DA5C5AA2219CC16CF232422E3E821D136F72DEE925,"[""D:\\codex\\fintechathon2026\\models\\phase15_stability\\full_expanding\\fold_2022\\ranker_raw_oof.parquet"",""D:\\codex\\fintechathon2026\\models\\phase15_stability\\full_expanding\\fold_2022\\lambdarank_model.txt""]",window_stability_same_validation_no_test_data,B42DF14D26CF66FFAF29FF81E710ABAE45095B6D9B3469746C4FF8D8B02F9F41
p15_atr_full_raw_v1,2026-09-10T16:52:05+08:00,fold,fold_2023,UNBORN,True,5E76AC53BB499A831AFBF99D002E1F0332FE4B816C6C42033DABAE02F8C788D8,D:\codex\fintechathon2026\experiments\manifests\source_5E76AC53BB49.json,D:\codex\fintechathon2026\experiments\configs\phase15_stability_16A86B038E9C.yaml,16A86B038E9C03CB59D9B9928A910E48FADF0C93E31C0300BC990AF6A8192093,model_view_v2_atr_rank,003E53AFEABCAF17B09384B8F15CBDA106D1A64E834E959D5B840598D78DC1E9,lightgbm_lambdarank_atr_full_expanding_raw,"{""advanced_features"":[""atr_norm_14"",""atr_norm_28""],""alpha"":0.5,""exit_fraction"":0.15,""num_boost_round"":100,""ranking"":{""bagging_fraction"":0.8,""bagging_freq"":1,""bagging_seed"":42,""data_random_seed"":42,""deterministic"":true,""feature_fraction"":0.8,""feature_fraction_seed"":42,""force_col_wise"":true,""label_gain"":[0,1,2,3,4,5,6,7,8,9],""lambdarank_norm"":true,""lambdarank_truncation_level"":500,""learning_rate"":0.05,""max_bin"":63,""metric"":""None"",""min_data_in_leaf"":1000,""num_leaves"":31,""num_threads"":4,""objective"":""lambdarank"",""seed"":42,""verbosity"":-1},""window_years"":null}",20180102-20221229,2023,42,0.11039362347077321,0.10725274623102213,1.0292848188053445,0.8388429752066116,0.32924434542655945,0.34866753220558167,0.44434568854073025,0.30962705092440646,,,D:\codex\fintechathon2026\experiments\manifests\phase15_artifacts_4E918E8398A4.json,4E918E8398A4F448382CA7DA5C5AA2219CC16CF232422E3E821D136F72DEE925,"[""D:\\codex\\fintechathon2026\\models\\phase15_stability\\full_expanding\\fold_2023\\ranker_raw_oof.parquet"",""D:\\codex\\fintechathon2026\\models\\phase15_stability\\full_expanding\\fold_2023\\lambdarank_model.txt""]",window_stability_same_validation_no_test_data,7773D4499FD465E8F23C6325C790496EA06DA3BA384FFDD3BCF3871A09A3D95D
p15_atr_full_raw_v1,2026-09-10T16:52:05+08:00,fold,fold_2024,UNBORN,True,5E76AC53BB499A831AFBF99D002E1F0332FE4B816C6C42033DABAE02F8C788D8,D:\codex\fintechathon2026\experiments\manifests\source_5E76AC53BB49.json,D:\codex\fintechathon2026\experiments\configs\phase15_stability_16A86B038E9C.yaml,16A86B038E9C03CB59D9B9928A910E48FADF0C93E31C0300BC990AF6A8192093,model_view_v2_atr_rank,003E53AFEABCAF17B09384B8F15CBDA106D1A64E834E959D5B840598D78DC1E9,lightgbm_lambdarank_atr_full_expanding_raw,"{""advanced_features"":[""atr_norm_14"",""atr_norm_28""],""alpha"":0.5,""exit_fraction"":0.15,""num_boost_round"":100,""ranking"":{""bagging_fraction"":0.8,""bagging_freq"":1,""bagging_seed"":42,""data_random_seed"":42,""deterministic"":true,""feature_fraction"":0.8,""feature_fraction_seed"":42,""force_col_wise"":true,""label_gain"":[0,1,2,3,4,5,6,7,8,9],""lambdarank_norm"":true,""lambdarank_truncation_level"":500,""learning_rate"":0.05,""max_bin"":63,""metric"":""None"",""min_data_in_leaf"":1000,""num_leaves"":31,""num_threads"":4,""objective"":""lambdarank"",""seed"":42,""verbosity"":-1},""window_years"":null}",20180102-20231228,2024,42,0.10367657482849428,0.14457904321972218,0.7170926886750324,0.78099173553719,0.3058484196662903,0.291803777217865,0.6629118009616599,0.23435161554278683,,,D:\codex\fintechathon2026\experiments\manifests\phase15_artifacts_4E918E8398A4.json,4E918E8398A4F448382CA7DA5C5AA2219CC16CF232422E3E821D136F72DEE925,"[""D:\\codex\\fintechathon2026\\models\\phase15_stability\\full_expanding\\fold_2024\\ranker_raw_oof.parquet"",""D:\\codex\\fintechathon2026\\models\\phase15_stability\\full_expanding\\fold_2024\\lambdarank_model.txt""]",window_stability_same_validation_no_test_data,76D722C337F13CFE543F6911D15206F3D653BA6EF4CB3FDF641F5D1E0AA1FA0B
p15_atr_full_raw_v1,2026-09-10T16:52:05+08:00,summary,all_equal_weight,UNBORN,True,5E76AC53BB499A831AFBF99D002E1F0332FE4B816C6C42033DABAE02F8C788D8,D:\codex\fintechathon2026\experiments\manifests\source_5E76AC53BB49.json,D:\codex\fintechathon2026\experiments\configs\phase15_stability_16A86B038E9C.yaml,16A86B038E9C03CB59D9B9928A910E48FADF0C93E31C0300BC990AF6A8192093,model_view_v2_atr_rank,003E53AFEABCAF17B09384B8F15CBDA106D1A64E834E959D5B840598D78DC1E9,lightgbm_lambdarank_atr_full_expanding_raw,"{""advanced_features"":[""atr_norm_14"",""atr_norm_28""],""alpha"":0.5,""exit_fraction"":0.15,""num_boost_round"":100,""ranking"":{""bagging_fraction"":0.8,""bagging_freq"":1,""bagging_seed"":42,""data_random_seed"":42,""deterministic"":true,""feature_fraction"":0.8,""feature_fraction_seed"":42,""force_col_wise"":true,""label_gain"":[0,1,2,3,4,5,6,7,8,9],""lambdarank_norm"":true,""lambdarank_truncation_level"":500,""learning_rate"":0.05,""max_bin"":63,""metric"":""None"",""min_data_in_leaf"":1000,""num_leaves"":31,""num_threads"":4,""objective"":""lambdarank"",""seed"":42,""verbosity"":-1},""window_years"":null}",full_expanding,2022|2023|2024,42,0.10792639072469969,0.11637586193384358,0.9579864519055219,0.8305785123966941,0.3549795945485433,0.3130630354086558,0.43650945251135015,0.3187116033713862,0.08924970237182217,0.23435161554278683,D:\codex\fintechathon2026\experiments\manifests\phase15_artifacts_4E918E8398A4.json,4E918E8398A4F448382CA7DA5C5AA2219CC16CF232422E3E821D136F72DEE925,"[""D:\\codex\\fintechathon2026\\models\\phase15_stability\\full_expanding"",""D:\\codex\\fintechathon2026\\reports\\tables\\phase15_window_comparison.csv""]",equal_weight_fold_summary_no_test_data,0B11A6706C9C01AE3C05C86D820AFACA935B30921A4BA1479DC39971E192A47D
p15_atr_full_turnover_v1,2026-09-10T16:52:05+08:00,fold,fold_2022,UNBORN,True,5E76AC53BB499A831AFBF99D002E1F0332FE4B816C6C42033DABAE02F8C788D8,D:\codex\fintechathon2026\experiments\manifests\source_5E76AC53BB49.json,D:\codex\fintechathon2026\experiments\configs\phase15_stability_16A86B038E9C.yaml,16A86B038E9C03CB59D9B9928A910E48FADF0C93E31C0300BC990AF6A8192093,model_view_v2_atr_rank,003E53AFEABCAF17B09384B8F15CBDA106D1A64E834E959D5B840598D78DC1E9,lightgbm_lambdarank_atr_full_expanding_turnover,"{""advanced_features"":[""atr_norm_14"",""atr_norm_28""],""alpha"":0.5,""exit_fraction"":0.15,""num_boost_round"":100,""ranking"":{""bagging_fraction"":0.8,""bagging_freq"":1,""bagging_seed"":42,""data_random_seed"":42,""deterministic"":true,""feature_fraction"":0.8,""feature_fraction_seed"":42,""force_col_wise"":true,""label_gain"":[0,1,2,3,4,5,6,7,8,9],""lambdarank_norm"":true,""lambdarank_truncation_level"":500,""learning_rate"":0.05,""max_bin"":63,""metric"":""None"",""min_data_in_leaf"":1000,""num_leaves"":31,""num_threads"":4,""objective"":""lambdarank"",""seed"":42,""verbosity"":-1},""window_years"":null}",20180102-20211230,2022,42,0.10411205670538798,0.1051369087991425,0.9902522139421804,0.8388429752066116,0.381230890750885,0.2501026391983032,0.09329517973567729,0.428025541947182,,,D:\codex\fintechathon2026\experiments\manifests\phase15_artifacts_4E918E8398A4.json,4E918E8398A4F448382CA7DA5C5AA2219CC16CF232422E3E821D136F72DEE925,"[""D:\\codex\\fintechathon2026\\models\\phase15_stability\\full_expanding\\fold_2022\\ranker_turnover_oof.parquet"",""D:\\codex\\fintechathon2026\\models\\phase15_stability\\full_expanding\\fold_2022\\lambdarank_model.txt""]",window_stability_same_validation_no_test_data,2C04FE9AB81FB07936EBBFE7D92D7857F99CEA913ADC25EFDCA47ABEB8CF53C0
p15_atr_full_turnover_v1,2026-09-10T16:52:05+08:00,fold,fold_2023,UNBORN,True,5E76AC53BB499A831AFBF99D002E1F0332FE4B816C6C42033DABAE02F8C788D8,D:\codex\fintechathon2026\experiments\manifests\source_5E76AC53BB49.json,D:\codex\fintechathon2026\experiments\configs\phase15_stability_16A86B038E9C.yaml,16A86B038E9C03CB59D9B9928A910E48FADF0C93E31C0300BC990AF6A8192093,model_view_v2_atr_rank,003E53AFEABCAF17B09384B8F15CBDA106D1A64E834E959D5B840598D78DC1E9,lightgbm_lambdarank_atr_full_expanding_turnover,"{""advanced_features"":[""atr_norm_14"",""atr_norm_28""],""alpha"":0.5,""exit_fraction"":0.15,""num_boost_round"":100,""ranking"":{""bagging_fraction"":0.8,""bagging_freq"":1,""bagging_seed"":42,""data_random_seed"":42,""deterministic"":true,""feature_fraction"":0.8,""feature_fraction_seed"":42,""force_col_wise"":true,""label_gain"":[0,1,2,3,4,5,6,7,8,9],""lambdarank_norm"":true,""lambdarank_truncation_level"":500,""learning_rate"":0.05,""max_bin"":63,""metric"":""None"",""min_data_in_leaf"":1000,""num_leaves"":31,""num_threads"":4,""objective"":""lambdarank"",""seed"":42,""verbosity"":-1},""window_years"":null}",20180102-20221229,2023,42,0.10665796036094057,0.1112018664061704,0.9591382213978946,0.8305785123966942,0.2848195731639862,0.3042427897453308,0.21186991632382737,0.36454808268654,,,D:\codex\fintechathon2026\experiments\manifests\phase15_artifacts_4E918E8398A4.json,4E918E8398A4F448382CA7DA5C5AA2219CC16CF232422E3E821D136F72DEE925,"[""D:\\codex\\fintechathon2026\\models\\phase15_stability\\full_expanding\\fold_2023\\ranker_turnover_oof.parquet"",""D:\\codex\\fintechathon2026\\models\\phase15_stability\\full_expanding\\fold_2023\\lambdarank_model.txt""]",window_stability_same_validation_no_test_data,20E5A8A6E5E57152E443213CE90FD2182DBD51804CD08D754E188DBA462FDE54
p15_atr_full_turnover_v1,2026-09-10T16:52:05+08:00,fold,fold_2024,UNBORN,True,5E76AC53BB499A831AFBF99D002E1F0332FE4B816C6C42033DABAE02F8C788D8,D:\codex\fintechathon2026\experiments\manifests\source_5E76AC53BB49.json,D:\codex\fintechathon2026\experiments\configs\phase15_stability_16A86B038E9C.yaml,16A86B038E9C03CB59D9B9928A910E48FADF0C93E31C0300BC990AF6A8192093,model_view_v2_atr_rank,003E53AFEABCAF17B09384B8F15CBDA106D1A64E834E959D5B840598D78DC1E9,lightgbm_lambdarank_atr_full_expanding_turnover,"{""advanced_features"":[""atr_norm_14"",""atr_norm_28""],""alpha"":0.5,""exit_fraction"":0.15,""num_boost_round"":100,""ranking"":{""bagging_fraction"":0.8,""bagging_freq"":1,""bagging_seed"":42,""data_random_seed"":42,""deterministic"":true,""feature_fraction"":0.8,""feature_fraction_seed"":42,""force_col_wise"":true,""label_gain"":[0,1,2,3,4,5,6,7,8,9],""lambdarank_norm"":true,""lambdarank_truncation_level"":500,""learning_rate"":0.05,""max_bin"":63,""metric"":""None"",""min_data_in_leaf"":1000,""num_leaves"":31,""num_threads"":4,""objective"":""lambdarank"",""seed"":42,""verbosity"":-1},""window_years"":null}",20180102-20231228,2024,42,0.0968848698447277,0.1497730173880767,0.6468779993507737,0.768595041322314,0.21604813635349274,0.20200350880622864,0.34075198861107775,0.30134279226061556,,,D:\codex\fintechathon2026\experiments\manifests\phase15_artifacts_4E918E8398A4.json,4E918E8398A4F448382CA7DA5C5AA2219CC16CF232422E3E821D136F72DEE925,"[""D:\\codex\\fintechathon2026\\models\\phase15_stability\\full_expanding\\fold_2024\\ranker_turnover_oof.parquet"",""D:\\codex\\fintechathon2026\\models\\phase15_stability\\full_expanding\\fold_2024\\lambdarank_model.txt""]",window_stability_same_validation_no_test_data,FF439CAE4143797FE4256F2349C3EA74C970C3A37EE438CFD3FB40A5268AE65A
p15_atr_full_turnover_v1,2026-09-10T16:52:05+08:00,summary,all_equal_weight,UNBORN,True,5E76AC53BB499A831AFBF99D002E1F0332FE4B816C6C42033DABAE02F8C788D8,D:\codex\fintechathon2026\experiments\manifests\source_5E76AC53BB49.json,D:\codex\fintechathon2026\experiments\configs\phase15_stability_16A86B038E9C.yaml,16A86B038E9C03CB59D9B9928A910E48FADF0C93E31C0300BC990AF6A8192093,model_view_v2_atr_rank,003E53AFEABCAF17B09384B8F15CBDA106D1A64E834E959D5B840598D78DC1E9,lightgbm_lambdarank_atr_full_expanding_turnover,"{""advanced_features"":[""atr_norm_14"",""atr_norm_28""],""alpha"":0.5,""exit_fraction"":0.15,""num_boost_round"":100,""ranking"":{""bagging_fraction"":0.8,""bagging_freq"":1,""bagging_seed"":42,""data_random_seed"":42,""deterministic"":true,""feature_fraction"":0.8,""feature_fraction_seed"":42,""force_col_wise"":true,""label_gain"":[0,1,2,3,4,5,6,7,8,9],""lambdarank_norm"":true,""lambdarank_truncation_level"":500,""learning_rate"":0.05,""max_bin"":63,""metric"":""None"",""min_data_in_leaf"":1000,""num_leaves"":31,""num_threads"":4,""objective"":""lambdarank"",""seed"":42,""verbosity"":-1},""window_years"":null}",full_expanding,2022|2023|2024,42,0.10255162897035208,0.12203726419779654,0.8654228115636163,0.8126721763085399,0.29403286675612134,0.25211631258328754,0.21530569489019413,0.36463880563144585,0.06334142357120545,0.30134279226061556,D:\codex\fintechathon2026\experiments\manifests\phase15_artifacts_4E918E8398A4.json,4E918E8398A4F448382CA7DA5C5AA2219CC16CF232422E3E821D136F72DEE925,"[""D:\\codex\\fintechathon2026\\models\\phase15_stability\\full_expanding"",""D:\\codex\\fintechathon2026\\reports\\tables\\phase15_window_comparison.csv""]",equal_weight_fold_summary_no_test_data,1D3EC11E94B919C1A64947843C5E580156457AF80E3536DBE0C98EF5A10513BB
p15_atr_4y_raw_v1,2026-09-10T16:52:05+08:00,fold,fold_2022,UNBORN,True,5E76AC53BB499A831AFBF99D002E1F0332FE4B816C6C42033DABAE02F8C788D8,D:\codex\fintechathon2026\experiments\manifests\source_5E76AC53BB49.json,D:\codex\fintechathon2026\experiments\configs\phase15_stability_16A86B038E9C.yaml,16A86B038E9C03CB59D9B9928A910E48FADF0C93E31C0300BC990AF6A8192093,model_view_v2_atr_rank,003E53AFEABCAF17B09384B8F15CBDA106D1A64E834E959D5B840598D78DC1E9,lightgbm_lambdarank_atr_trailing_4y_raw,"{""advanced_features"":[""atr_norm_14"",""atr_norm_28""],""alpha"":0.5,""exit_fraction"":0.15,""num_boost_round"":100,""ranking"":{""bagging_fraction"":0.8,""bagging_freq"":1,""bagging_seed"":42,""data_random_seed"":42,""deterministic"":true,""feature_fraction"":0.8,""feature_fraction_seed"":42,""force_col_wise"":true,""label_gain"":[0,1,2,3,4,5,6,7,8,9],""lambdarank_norm"":true,""lambdarank_truncation_level"":500,""learning_rate"":0.05,""max_bin"":63,""metric"":""None"",""min_data_in_leaf"":1000,""num_leaves"":31,""num_threads"":4,""objective"":""lambdarank"",""seed"":42,""verbosity"":-1},""window_years"":4}",20180102-20211230,2022,42,0.10970897387483157,0.09729579635078645,1.1275818482361883,0.871900826446281,0.42984601855278015,0.29871779680252075,0.20227086803166017,0.4121561436469653,,,D:\codex\fintechathon2026\experiments\manifests\phase15_artifacts_4E918E8398A4.json,4E918E8398A4F448382CA7DA5C5AA2219CC16CF232422E3E821D136F72DEE925,"[""D:\\codex\\fintechathon2026\\models\\phase15_stability\\trailing_4y\\fold_2022\\ranker_raw_oof.parquet"",""D:\\codex\\fintechathon2026\\models\\phase15_stability\\trailing_4y\\fold_2022\\lambdarank_model.txt""]",window_stability_same_validation_no_test_data,37985A88A94F9B30A66E29FF8D7D1659FBB4E08A0BD3645AB44A1AA9F84D0456
p15_atr_4y_raw_v1,2026-09-10T16:52:05+08:00,fold,fold_2023,UNBORN,True,5E76AC53BB499A831AFBF99D002E1F0332FE4B816C6C42033DABAE02F8C788D8,D:\codex\fintechathon2026\experiments\manifests\source_5E76AC53BB49.json,D:\codex\fintechathon2026\experiments\configs\phase15_stability_16A86B038E9C.yaml,16A86B038E9C03CB59D9B9928A910E48FADF0C93E31C0300BC990AF6A8192093,model_view_v2_atr_rank,003E53AFEABCAF17B09384B8F15CBDA106D1A64E834E959D5B840598D78DC1E9,lightgbm_lambdarank_atr_trailing_4y_raw,"{""advanced_features"":[""atr_norm_14"",""atr_norm_28""],""alpha"":0.5,""exit_fraction"":0.15,""num_boost_round"":100,""ranking"":{""bagging_fraction"":0.8,""bagging_freq"":1,""bagging_seed"":42,""data_random_seed"":42,""deterministic"":true,""feature_fraction"":0.8,""feature_fraction_seed"":42,""force_col_wise"":true,""label_gain"":[0,1,2,3,4,5,6,7,8,9],""lambdarank_norm"":true,""lambdarank_truncation_level"":500,""learning_rate"":0.05,""max_bin"":63,""metric"":""None"",""min_data_in_leaf"":1000,""num_leaves"":31,""num_threads"":4,""objective"":""lambdarank"",""seed"":42,""verbosity"":-1},""window_years"":4}",20190102-20221229,2023,42,0.11008763998016118,0.10803769464129867,1.0189743528466488,0.8429752066115702,0.2812434434890747,0.3006666600704193,0.3816734317461575,0.3139060610050558,,,D:\codex\fintechathon2026\experiments\manifests\phase15_artifacts_4E918E8398A4.json,4E918E8398A4F448382CA7DA5C5AA2219CC16CF232422E3E821D136F72DEE925,"[""D:\\codex\\fintechathon2026\\models\\phase15_stability\\trailing_4y\\fold_2023\\ranker_raw_oof.parquet"",""D:\\codex\\fintechathon2026\\models\\phase15_stability\\trailing_4y\\fold_2023\\lambdarank_model.txt""]",window_stability_same_validation_no_test_data,0018723DE13B48F21744853234B37BFD078172B76945CAB80919E91D14E71360
p15_atr_4y_raw_v1,2026-09-10T16:52:05+08:00,fold,fold_2024,UNBORN,True,5E76AC53BB499A831AFBF99D002E1F0332FE4B816C6C42033DABAE02F8C788D8,D:\codex\fintechathon2026\experiments\manifests\source_5E76AC53BB49.json,D:\codex\fintechathon2026\experiments\configs\phase15_stability_16A86B038E9C.yaml,16A86B038E9C03CB59D9B9928A910E48FADF0C93E31C0300BC990AF6A8192093,model_view_v2_atr_rank,003E53AFEABCAF17B09384B8F15CBDA106D1A64E834E959D5B840598D78DC1E9,lightgbm_lambdarank_atr_trailing_4y_raw,"{""advanced_features"":[""atr_norm_14"",""atr_norm_28""],""alpha"":0.5,""exit_fraction"":0.15,""num_boost_round"":100,""ranking"":{""bagging_fraction"":0.8,""bagging_freq"":1,""bagging_seed"":42,""data_random_seed"":42,""deterministic"":true,""feature_fraction"":0.8,""feature_fraction_seed"":42,""force_col_wise"":true,""label_gain"":[0,1,2,3,4,5,6,7,8,9],""lambdarank_norm"":true,""lambdarank_truncation_level"":500,""learning_rate"":0.05,""max_bin"":63,""metric"":""None"",""min_data_in_leaf"":1000,""num_leaves"":31,""num_threads"":4,""objective"":""lambdarank"",""seed"":42,""verbosity"":-1},""window_years"":4}",20200102-20231228,2024,42,0.1042121084496688,0.13716159620616056,0.7597761423907092,0.7851239669421488,0.34914183616638184,0.33509719371795654,0.6809732926772943,0.24213541238705827,,,D:\codex\fintechathon2026\experiments\manifests\phase15_artifacts_4E918E8398A4.json,4E918E8398A4F448382CA7DA5C5AA2219CC16CF232422E3E821D136F72DEE925,"[""D:\\codex\\fintechathon2026\\models\\phase15_stability\\trailing_4y\\fold_2024\\ranker_raw_oof.parquet"",""D:\\codex\\fintechathon2026\\models\\phase15_stability\\trailing_4y\\fold_2024\\lambdarank_model.txt""]",window_stability_same_validation_no_test_data,D06528E3A2084A0622A50F595E75DAFDF20823FCC5DAA751E37C94B031018DE4
p15_atr_4y_raw_v1,2026-09-10T16:52:05+08:00,summary,all_equal_weight,UNBORN,True,5E76AC53BB499A831AFBF99D002E1F0332FE4B816C6C42033DABAE02F8C788D8,D:\codex\fintechathon2026\experiments\manifests\source_5E76AC53BB49.json,D:\codex\fintechathon2026\experiments\configs\phase15_stability_16A86B038E9C.yaml,16A86B038E9C03CB59D9B9928A910E48FADF0C93E31C0300BC990AF6A8192093,model_view_v2_atr_rank,003E53AFEABCAF17B09384B8F15CBDA106D1A64E834E959D5B840598D78DC1E9,lightgbm_lambdarank_atr_trailing_4y_raw,"{""advanced_features"":[""atr_norm_14"",""atr_norm_28""],""alpha"":0.5,""exit_fraction"":0.15,""num_boost_round"":100,""ranking"":{""bagging_fraction"":0.8,""bagging_freq"":1,""bagging_seed"":42,""data_random_seed"":42,""deterministic"":true,""feature_fraction"":0.8,""feature_fraction_seed"":42,""force_col_wise"":true,""label_gain"":[0,1,2,3,4,5,6,7,8,9],""lambdarank_norm"":true,""lambdarank_truncation_level"":500,""learning_rate"":0.05,""max_bin"":63,""metric"":""None"",""min_data_in_leaf"":1000,""num_leaves"":31,""num_threads"":4,""objective"":""lambdarank"",""seed"":42,""verbosity"":-1},""window_years"":4}",trailing_4y,2022|2023|2024,42,0.10800290743488718,0.11416502906608189,0.9687774478245155,0.8333333333333334,0.3534104327360789,0.3114938835302989,0.42163919748503736,0.32273253901302645,0.08535333795498143,0.24213541238705827,D:\codex\fintechathon2026\experiments\manifests\phase15_artifacts_4E918E8398A4.json,4E918E8398A4F448382CA7DA5C5AA2219CC16CF232422E3E821D136F72DEE925,"[""D:\\codex\\fintechathon2026\\models\\phase15_stability\\trailing_4y"",""D:\\codex\\fintechathon2026\\reports\\tables\\phase15_window_comparison.csv""]",equal_weight_fold_summary_no_test_data,710CC00971D7B9762C6BD4D4CDE365B489228166D10408EF40F67EEE85D8A7EC
p15_atr_4y_turnover_v1,2026-09-10T16:52:05+08:00,fold,fold_2022,UNBORN,True,5E76AC53BB499A831AFBF99D002E1F0332FE4B816C6C42033DABAE02F8C788D8,D:\codex\fintechathon2026\experiments\manifests\source_5E76AC53BB49.json,D:\codex\fintechathon2026\experiments\configs\phase15_stability_16A86B038E9C.yaml,16A86B038E9C03CB59D9B9928A910E48FADF0C93E31C0300BC990AF6A8192093,model_view_v2_atr_rank,003E53AFEABCAF17B09384B8F15CBDA106D1A64E834E959D5B840598D78DC1E9,lightgbm_lambdarank_atr_trailing_4y_turnover,"{""advanced_features"":[""atr_norm_14"",""atr_norm_28""],""alpha"":0.5,""exit_fraction"":0.15,""num_boost_round"":100,""ranking"":{""bagging_fraction"":0.8,""bagging_freq"":1,""bagging_seed"":42,""data_random_seed"":42,""deterministic"":true,""feature_fraction"":0.8,""feature_fraction_seed"":42,""force_col_wise"":true,""label_gain"":[0,1,2,3,4,5,6,7,8,9],""lambdarank_norm"":true,""lambdarank_truncation_level"":500,""learning_rate"":0.05,""max_bin"":63,""metric"":""None"",""min_data_in_leaf"":1000,""num_leaves"":31,""num_threads"":4,""objective"":""lambdarank"",""seed"":42,""verbosity"":-1},""window_years"":4}",20180102-20211230,2022,42,0.10411205670538798,0.1051369087991425,0.9902522139421804,0.8388429752066116,0.381230890750885,0.2501026391983032,0.09329517973567729,0.428025541947182,,,D:\codex\fintechathon2026\experiments\manifests\phase15_artifacts_4E918E8398A4.json,4E918E8398A4F448382CA7DA5C5AA2219CC16CF232422E3E821D136F72DEE925,"[""D:\\codex\\fintechathon2026\\models\\phase15_stability\\trailing_4y\\fold_2022\\ranker_turnover_oof.parquet"",""D:\\codex\\fintechathon2026\\models\\phase15_stability\\trailing_4y\\fold_2022\\lambdarank_model.txt""]",window_stability_same_validation_no_test_data,C2EA714DD2B39A38A31D5932C391C5F5AA392A6C9942D2816AD2C11ECE0C759A
p15_atr_4y_turnover_v1,2026-09-10T16:52:05+08:00,fold,fold_2023,UNBORN,True,5E76AC53BB499A831AFBF99D002E1F0332FE4B816C6C42033DABAE02F8C788D8,D:\codex\fintechathon2026\experiments\manifests\source_5E76AC53BB49.json,D:\codex\fintechathon2026\experiments\configs\phase15_stability_16A86B038E9C.yaml,16A86B038E9C03CB59D9B9928A910E48FADF0C93E31C0300BC990AF6A8192093,model_view_v2_atr_rank,003E53AFEABCAF17B09384B8F15CBDA106D1A64E834E959D5B840598D78DC1E9,lightgbm_lambdarank_atr_trailing_4y_turnover,"{""advanced_features"":[""atr_norm_14"",""atr_norm_28""],""alpha"":0.5,""exit_fraction"":0.15,""num_boost_round"":100,""ranking"":{""bagging_fraction"":0.8,""bagging_freq"":1,""bagging_seed"":42,""data_random_seed"":42,""deterministic"":true,""feature_fraction"":0.8,""feature_fraction_seed"":42,""force_col_wise"":true,""label_gain"":[0,1,2,3,4,5,6,7,8,9],""lambdarank_norm"":true,""lambdarank_truncation_level"":500,""learning_rate"":0.05,""max_bin"":63,""metric"":""None"",""min_data_in_leaf"":1000,""num_leaves"":31,""num_threads"":4,""objective"":""lambdarank"",""seed"":42,""verbosity"":-1},""window_years"":4}",20190102-20221229,2023,42,0.1061316859661477,0.11409216385937603,0.9302276543458323,0.8140495867768595,0.24986234307289124,0.26928555965423584,0.1731314030937859,0.3654719578703068,,,D:\codex\fintechathon2026\experiments\manifests\phase15_artifacts_4E918E8398A4.json,4E918E8398A4F448382CA7DA5C5AA2219CC16CF232422E3E821D136F72DEE925,"[""D:\\codex\\fintechathon2026\\models\\phase15_stability\\trailing_4y\\fold_2023\\ranker_turnover_oof.parquet"",""D:\\codex\\fintechathon2026\\models\\phase15_stability\\trailing_4y\\fold_2023\\lambdarank_model.txt""]",window_stability_same_validation_no_test_data,7B6337048307CE893922B3AEC3F1E31A394AA1206D14D2F3427DC9EC3D84D5C3
p15_atr_4y_turnover_v1,2026-09-10T16:52:05+08:00,fold,fold_2024,UNBORN,True,5E76AC53BB499A831AFBF99D002E1F0332FE4B816C6C42033DABAE02F8C788D8,D:\codex\fintechathon2026\experiments\manifests\source_5E76AC53BB49.json,D:\codex\fintechathon2026\experiments\configs\phase15_stability_16A86B038E9C.yaml,16A86B038E9C03CB59D9B9928A910E48FADF0C93E31C0300BC990AF6A8192093,model_view_v2_atr_rank,003E53AFEABCAF17B09384B8F15CBDA106D1A64E834E959D5B840598D78DC1E9,lightgbm_lambdarank_atr_trailing_4y_turnover,"{""advanced_features"":[""atr_norm_14"",""atr_norm_28""],""alpha"":0.5,""exit_fraction"":0.15,""num_boost_round"":100,""ranking"":{""bagging_fraction"":0.8,""bagging_freq"":1,""bagging_seed"":42,""data_random_seed"":42,""deterministic"":true,""feature_fraction"":0.8,""feature_fraction_seed"":42,""force_col_wise"":true,""label_gain"":[0,1,2,3,4,5,6,7,8,9],""lambdarank_norm"":true,""lambdarank_truncation_level"":500,""learning_rate"":0.05,""max_bin"":63,""metric"":""None"",""min_data_in_leaf"":1000,""num_leaves"":31,""num_threads"":4,""objective"":""lambdarank"",""seed"":42,""verbosity"":-1},""window_years"":4}",20200102-20231228,2024,42,0.09722776009318601,0.13966526229580092,0.6961484802660854,0.7727272727272727,0.21099524199962616,0.19695056974887848,0.36097998110962526,0.29389568528450694,,,D:\codex\fintechathon2026\experiments\manifests\phase15_artifacts_4E918E8398A4.json,4E918E8398A4F448382CA7DA5C5AA2219CC16CF232422E3E821D136F72DEE925,"[""D:\\codex\\fintechathon2026\\models\\phase15_stability\\trailing_4y\\fold_2024\\ranker_turnover_oof.parquet"",""D:\\codex\\fintechathon2026\\models\\phase15_stability\\trailing_4y\\fold_2024\\lambdarank_model.txt""]",window_stability_same_validation_no_test_data,306CD724FB0723E2624C9AFA02D6A469187A16E302217B847AC43B6C6CA5F13E
p15_atr_4y_turnover_v1,2026-09-10T16:52:05+08:00,summary,all_equal_weight,UNBORN,True,5E76AC53BB499A831AFBF99D002E1F0332FE4B816C6C42033DABAE02F8C788D8,D:\codex\fintechathon2026\experiments\manifests\source_5E76AC53BB49.json,D:\codex\fintechathon2026\experiments\configs\phase15_stability_16A86B038E9C.yaml,16A86B038E9C03CB59D9B9928A910E48FADF0C93E31C0300BC990AF6A8192093,model_view_v2_atr_rank,003E53AFEABCAF17B09384B8F15CBDA106D1A64E834E959D5B840598D78DC1E9,lightgbm_lambdarank_atr_trailing_4y_turnover,"{""advanced_features"":[""atr_norm_14"",""atr_norm_28""],""alpha"":0.5,""exit_fraction"":0.15,""num_boost_round"":100,""ranking"":{""bagging_fraction"":0.8,""bagging_freq"":1,""bagging_seed"":42,""data_random_seed"":42,""deterministic"":true,""feature_fraction"":0.8,""feature_fraction_seed"":42,""force_col_wise"":true,""label_gain"":[0,1,2,3,4,5,6,7,8,9],""lambdarank_norm"":true,""lambdarank_truncation_level"":500,""learning_rate"":0.05,""max_bin"":63,""metric"":""None"",""min_data_in_leaf"":1000,""num_leaves"":31,""num_threads"":4,""objective"":""lambdarank"",""seed"":42,""verbosity"":-1},""window_years"":4}",trailing_4y,2022|2023|2024,42,0.1024905009215739,0.11963144498477314,0.8722094495180328,0.8085399449035812,0.2806961586078008,0.23877958953380585,0.20913552131302948,0.3624643950339986,0.06711548768911835,0.29389568528450694,D:\codex\fintechathon2026\experiments\manifests\phase15_artifacts_4E918E8398A4.json,4E918E8398A4F448382CA7DA5C5AA2219CC16CF232422E3E821D136F72DEE925,"[""D:\\codex\\fintechathon2026\\models\\phase15_stability\\trailing_4y"",""D:\\codex\\fintechathon2026\\reports\\tables\\phase15_window_comparison.csv""]",equal_weight_fold_summary_no_test_data,B4348291FDD59D767703D8E849AF2E1D5815FDC1208E8B521FC5934E2B410786
p15_atr_2y_raw_v1,2026-09-10T16:52:05+08:00,fold,fold_2022,UNBORN,True,5E76AC53BB499A831AFBF99D002E1F0332FE4B816C6C42033DABAE02F8C788D8,D:\codex\fintechathon2026\experiments\manifests\source_5E76AC53BB49.json,D:\codex\fintechathon2026\experiments\configs\phase15_stability_16A86B038E9C.yaml,16A86B038E9C03CB59D9B9928A910E48FADF0C93E31C0300BC990AF6A8192093,model_view_v2_atr_rank,003E53AFEABCAF17B09384B8F15CBDA106D1A64E834E959D5B840598D78DC1E9,lightgbm_lambdarank_atr_trailing_2y_raw,"{""advanced_features"":[""atr_norm_14"",""atr_norm_28""],""alpha"":0.5,""exit_fraction"":0.15,""num_boost_round"":100,""ranking"":{""bagging_fraction"":0.8,""bagging_freq"":1,""bagging_seed"":42,""data_random_seed"":42,""deterministic"":true,""feature_fraction"":0.8,""feature_fraction_seed"":42,""force_col_wise"":true,""label_gain"":[0,1,2,3,4,5,6,7,8,9],""lambdarank_norm"":true,""lambdarank_truncation_level"":500,""learning_rate"":0.05,""max_bin"":63,""metric"":""None"",""min_data_in_leaf"":1000,""num_leaves"":31,""num_threads"":4,""objective"":""lambdarank"",""seed"":42,""verbosity"":-1},""window_years"":2}",20200102-20211230,2022,42,0.10046759199765515,0.09374798174653645,1.0716773857520079,0.8553719008264463,0.3790886402130127,0.2479604184627533,0.18526432107129082,0.3983343340316947,,,D:\codex\fintechathon2026\experiments\manifests\phase15_artifacts_4E918E8398A4.json,4E918E8398A4F448382CA7DA5C5AA2219CC16CF232422E3E821D136F72DEE925,"[""D:\\codex\\fintechathon2026\\models\\phase15_stability\\trailing_2y\\fold_2022\\ranker_raw_oof.parquet"",""D:\\codex\\fintechathon2026\\models\\phase15_stability\\trailing_2y\\fold_2022\\lambdarank_model.txt""]",window_stability_same_validation_no_test_data,EC3135435ED623687F20208C775A028237DEFB1C36DA7AD081A1FE11694D4F54
p15_atr_2y_raw_v1,2026-09-10T16:52:05+08:00,fold,fold_2023,UNBORN,True,5E76AC53BB499A831AFBF99D002E1F0332FE4B816C6C42033DABAE02F8C788D8,D:\codex\fintechathon2026\experiments\manifests\source_5E76AC53BB49.json,D:\codex\fintechathon2026\experiments\configs\phase15_stability_16A86B038E9C.yaml,16A86B038E9C03CB59D9B9928A910E48FADF0C93E31C0300BC990AF6A8192093,model_view_v2_atr_rank,003E53AFEABCAF17B09384B8F15CBDA106D1A64E834E959D5B840598D78DC1E9,lightgbm_lambdarank_atr_trailing_2y_raw,"{""advanced_features"":[""atr_norm_14"",""atr_norm_28""],""alpha"":0.5,""exit_fraction"":0.15,""num_boost_round"":100,""ranking"":{""bagging_fraction"":0.8,""bagging_freq"":1,""bagging_seed"":42,""data_random_seed"":42,""deterministic"":true,""feature_fraction"":0.8,""feature_fraction_seed"":42,""force_col_wise"":true,""label_gain"":[0,1,2,3,4,5,6,7,8,9],""lambdarank_norm"":true,""lambdarank_truncation_level"":500,""learning_rate"":0.05,""max_bin"":63,""metric"":""None"",""min_data_in_leaf"":1000,""num_leaves"":31,""num_threads"":4,""objective"":""lambdarank"",""seed"":42,""verbosity"":-1},""window_years"":2}",20210104-20221229,2023,42,0.10089610400713218,0.11149100451187118,0.9049708041368406,0.8181818181818182,0.23240837454795837,0.251831591129303,0.367904978887187,0.29970946626154876,,,D:\codex\fintechathon2026\experiments\manifests\phase15_artifacts_4E918E8398A4.json,4E918E8398A4F448382CA7DA5C5AA2219CC16CF232422E3E821D136F72DEE925,"[""D:\\codex\\fintechathon2026\\models\\phase15_stability\\trailing_2y\\fold_2023\\ranker_raw_oof.parquet"",""D:\\codex\\fintechathon2026\\models\\phase15_stability\\trailing_2y\\fold_2023\\lambdarank_model.txt""]",window_stability_same_validation_no_test_data,482C0E3FA97F8098B7045D8E135605542349AC839A9DF9EA9950A1C9CB338260
p15_atr_2y_raw_v1,2026-09-10T16:52:05+08:00,fold,fold_2024,UNBORN,True,5E76AC53BB499A831AFBF99D002E1F0332FE4B816C6C42033DABAE02F8C788D8,D:\codex\fintechathon2026\experiments\manifests\source_5E76AC53BB49.json,D:\codex\fintechathon2026\experiments\configs\phase15_stability_16A86B038E9C.yaml,16A86B038E9C03CB59D9B9928A910E48FADF0C93E31C0300BC990AF6A8192093,model_view_v2_atr_rank,003E53AFEABCAF17B09384B8F15CBDA106D1A64E834E959D5B840598D78DC1E9,lightgbm_lambdarank_atr_trailing_2y_raw,"{""advanced_features"":[""atr_norm_14"",""atr_norm_28""],""alpha"":0.5,""exit_fraction"":0.15,""num_boost_round"":100,""ranking"":{""bagging_fraction"":0.8,""bagging_freq"":1,""bagging_seed"":42,""data_random_seed"":42,""deterministic"":true,""feature_fraction"":0.8,""feature_fraction_seed"":42,""force_col_wise"":true,""label_gain"":[0,1,2,3,4,5,6,7,8,9],""lambdarank_norm"":true,""lambdarank_truncation_level"":500,""learning_rate"":0.05,""max_bin"":63,""metric"":""None"",""min_data_in_leaf"":1000,""num_leaves"":31,""num_threads"":4,""objective"":""lambdarank"",""seed"":42,""verbosity"":-1},""window_years"":2}",20220104-20231228,2024,42,0.08336132675237698,0.15524169791698464,0.5369776797787562,0.7603305785123967,0.3832875192165375,0.36924296617507935,0.6447073349457415,0.2549185934327702,,,D:\codex\fintechathon2026\experiments\manifests\phase15_artifacts_4E918E8398A4.json,4E918E8398A4F448382CA7DA5C5AA2219CC16CF232422E3E821D136F72DEE925,"[""D:\\codex\\fintechathon2026\\models\\phase15_stability\\trailing_2y\\fold_2024\\ranker_raw_oof.parquet"",""D:\\codex\\fintechathon2026\\models\\phase15_stability\\trailing_2y\\fold_2024\\lambdarank_model.txt""]",window_stability_same_validation_no_test_data,8B4F4EF67B1153EBE33AAB7EAFE428403ECC85DB6CBC4C1E210D920F7A8ECC4D
p15_atr_2y_raw_v1,2026-09-10T16:52:05+08:00,summary,all_equal_weight,UNBORN,True,5E76AC53BB499A831AFBF99D002E1F0332FE4B816C6C42033DABAE02F8C788D8,D:\codex\fintechathon2026\experiments\manifests\source_5E76AC53BB49.json,D:\codex\fintechathon2026\experiments\configs\phase15_stability_16A86B038E9C.yaml,16A86B038E9C03CB59D9B9928A910E48FADF0C93E31C0300BC990AF6A8192093,model_view_v2_atr_rank,003E53AFEABCAF17B09384B8F15CBDA106D1A64E834E959D5B840598D78DC1E9,lightgbm_lambdarank_atr_trailing_2y_raw,"{""advanced_features"":[""atr_norm_14"",""atr_norm_28""],""alpha"":0.5,""exit_fraction"":0.15,""num_boost_round"":100,""ranking"":{""bagging_fraction"":0.8,""bagging_freq"":1,""bagging_seed"":42,""data_random_seed"":42,""deterministic"":true,""feature_fraction"":0.8,""feature_fraction_seed"":42,""force_col_wise"":true,""label_gain"":[0,1,2,3,4,5,6,7,8,9],""lambdarank_norm"":true,""lambdarank_truncation_level"":500,""learning_rate"":0.05,""max_bin"":63,""metric"":""None"",""min_data_in_leaf"":1000,""num_leaves"":31,""num_threads"":4,""objective"":""lambdarank"",""seed"":42,""verbosity"":-1},""window_years"":2}",trailing_2y,2022|2023|2024,42,0.09490834091905476,0.12016022805846409,0.8378752898892016,0.8112947658402204,0.3315948446591695,0.28967832525571185,0.39929221163473977,0.31765413124200453,0.0733725215174598,0.2549185934327702,D:\codex\fintechathon2026\experiments\manifests\phase15_artifacts_4E918E8398A4.json,4E918E8398A4F448382CA7DA5C5AA2219CC16CF232422E3E821D136F72DEE925,"[""D:\\codex\\fintechathon2026\\models\\phase15_stability\\trailing_2y"",""D:\\codex\\fintechathon2026\\reports\\tables\\phase15_window_comparison.csv""]",equal_weight_fold_summary_no_test_data,F72E7C580933CDC28254FDFC70AF61EEAF44927460358154F0C8E7C869CFAADE
p15_atr_2y_turnover_v1,2026-09-10T16:52:05+08:00,fold,fold_2022,UNBORN,True,5E76AC53BB499A831AFBF99D002E1F0332FE4B816C6C42033DABAE02F8C788D8,D:\codex\fintechathon2026\experiments\manifests\source_5E76AC53BB49.json,D:\codex\fintechathon2026\experiments\configs\phase15_stability_16A86B038E9C.yaml,16A86B038E9C03CB59D9B9928A910E48FADF0C93E31C0300BC990AF6A8192093,model_view_v2_atr_rank,003E53AFEABCAF17B09384B8F15CBDA106D1A64E834E959D5B840598D78DC1E9,lightgbm_lambdarank_atr_trailing_2y_turnover,"{""advanced_features"":[""atr_norm_14"",""atr_norm_28""],""alpha"":0.5,""exit_fraction"":0.15,""num_boost_round"":100,""ranking"":{""bagging_fraction"":0.8,""bagging_freq"":1,""bagging_seed"":42,""data_random_seed"":42,""deterministic"":true,""feature_fraction"":0.8,""feature_fraction_seed"":42,""force_col_wise"":true,""label_gain"":[0,1,2,3,4,5,6,7,8,9],""lambdarank_norm"":true,""lambdarank_truncation_level"":500,""learning_rate"":0.05,""max_bin"":63,""metric"":""None"",""min_data_in_leaf"":1000,""num_leaves"":31,""num_threads"":4,""objective"":""lambdarank"",""seed"":42,""verbosity"":-1},""window_years"":2}",20200102-20211230,2022,42,0.09394752253485313,0.10151026680800757,0.9254977401698854,0.8264462809917356,0.33167320489883423,0.20054495334625244,0.07324056555404096,0.4151088067778437,,,D:\codex\fintechathon2026\experiments\manifests\phase15_artifacts_4E918E8398A4.json,4E918E8398A4F448382CA7DA5C5AA2219CC16CF232422E3E821D136F72DEE925,"[""D:\\codex\\fintechathon2026\\models\\phase15_stability\\trailing_2y\\fold_2022\\ranker_turnover_oof.parquet"",""D:\\codex\\fintechathon2026\\models\\phase15_stability\\trailing_2y\\fold_2022\\lambdarank_model.txt""]",window_stability_same_validation_no_test_data,612ECFD0387F084567FEDE5EE1F63B9FD2F82D9C9792D5B4BA326BD64CD9A17F
p15_atr_2y_turnover_v1,2026-09-10T16:52:05+08:00,fold,fold_2023,UNBORN,True,5E76AC53BB499A831AFBF99D002E1F0332FE4B816C6C42033DABAE02F8C788D8,D:\codex\fintechathon2026\experiments\manifests\source_5E76AC53BB49.json,D:\codex\fintechathon2026\experiments\configs\phase15_stability_16A86B038E9C.yaml,16A86B038E9C03CB59D9B9928A910E48FADF0C93E31C0300BC990AF6A8192093,model_view_v2_atr_rank,003E53AFEABCAF17B09384B8F15CBDA106D1A64E834E959D5B840598D78DC1E9,lightgbm_lambdarank_atr_trailing_2y_turnover,"{""advanced_features"":[""atr_norm_14"",""atr_norm_28""],""alpha"":0.5,""exit_fraction"":0.15,""num_boost_round"":100,""ranking"":{""bagging_fraction"":0.8,""bagging_freq"":1,""bagging_seed"":42,""data_random_seed"":42,""deterministic"":true,""feature_fraction"":0.8,""feature_fraction_seed"":42,""force_col_wise"":true,""label_gain"":[0,1,2,3,4,5,6,7,8,9],""lambdarank_norm"":true,""lambdarank_truncation_level"":500,""learning_rate"":0.05,""max_bin"":63,""metric"":""None"",""min_data_in_leaf"":1000,""num_leaves"":31,""num_threads"":4,""objective"":""lambdarank"",""seed"":42,""verbosity"":-1},""window_years"":2}",20210104-20221229,2023,42,0.09755582790503894,0.11601899832997069,0.8408608013282405,0.7933884297520661,0.18222393095493317,0.20164716243743896,0.13018689012301377,0.35463344639182365,,,D:\codex\fintechathon2026\experiments\manifests\phase15_artifacts_4E918E8398A4.json,4E918E8398A4F448382CA7DA5C5AA2219CC16CF232422E3E821D136F72DEE925,"[""D:\\codex\\fintechathon2026\\models\\phase15_stability\\trailing_2y\\fold_2023\\ranker_turnover_oof.parquet"",""D:\\codex\\fintechathon2026\\models\\phase15_stability\\trailing_2y\\fold_2023\\lambdarank_model.txt""]",window_stability_same_validation_no_test_data,8338B58F138193AC9F1D6D0AB27B66CD3790F969364C739EE5CD62BA0F277EAA
p15_atr_2y_turnover_v1,2026-09-10T16:52:05+08:00,fold,fold_2024,UNBORN,True,5E76AC53BB499A831AFBF99D002E1F0332FE4B816C6C42033DABAE02F8C788D8,D:\codex\fintechathon2026\experiments\manifests\source_5E76AC53BB49.json,D:\codex\fintechathon2026\experiments\configs\phase15_stability_16A86B038E9C.yaml,16A86B038E9C03CB59D9B9928A910E48FADF0C93E31C0300BC990AF6A8192093,model_view_v2_atr_rank,003E53AFEABCAF17B09384B8F15CBDA106D1A64E834E959D5B840598D78DC1E9,lightgbm_lambdarank_atr_trailing_2y_turnover,"{""advanced_features"":[""atr_norm_14"",""atr_norm_28""],""alpha"":0.5,""exit_fraction"":0.15,""num_boost_round"":100,""ranking"":{""bagging_fraction"":0.8,""bagging_freq"":1,""bagging_seed"":42,""data_random_seed"":42,""deterministic"":true,""feature_fraction"":0.8,""feature_fraction_seed"":42,""force_col_wise"":true,""label_gain"":[0,1,2,3,4,5,6,7,8,9],""lambdarank_norm"":true,""lambdarank_truncation_level"":500,""learning_rate"":0.05,""max_bin"":63,""metric"":""None"",""min_data_in_leaf"":1000,""num_leaves"":31,""num_threads"":4,""objective"":""lambdarank"",""seed"":42,""verbosity"":-1},""window_years"":2}",20220104-20231228,2024,42,0.0836510629157794,0.162116481437505,0.5159935755700842,0.768595041322314,0.27803581953048706,0.2639911472797394,0.30195902169788674,0.32628346600620795,,,D:\codex\fintechathon2026\experiments\manifests\phase15_artifacts_4E918E8398A4.json,4E918E8398A4F448382CA7DA5C5AA2219CC16CF232422E3E821D136F72DEE925,"[""D:\\codex\\fintechathon2026\\models\\phase15_stability\\trailing_2y\\fold_2024\\ranker_turnover_oof.parquet"",""D:\\codex\\fintechathon2026\\models\\phase15_stability\\trailing_2y\\fold_2024\\lambdarank_model.txt""]",window_stability_same_validation_no_test_data,11CDF55ED8E80078514F67D3314D4884C68EEBA1DBEBA72ED2C50FB76367CAD8
p15_atr_2y_turnover_v1,2026-09-10T16:52:05+08:00,summary,all_equal_weight,UNBORN,True,5E76AC53BB499A831AFBF99D002E1F0332FE4B816C6C42033DABAE02F8C788D8,D:\codex\fintechathon2026\experiments\manifests\source_5E76AC53BB49.json,D:\codex\fintechathon2026\experiments\configs\phase15_stability_16A86B038E9C.yaml,16A86B038E9C03CB59D9B9928A910E48FADF0C93E31C0300BC990AF6A8192093,model_view_v2_atr_rank,003E53AFEABCAF17B09384B8F15CBDA106D1A64E834E959D5B840598D78DC1E9,lightgbm_lambdarank_atr_trailing_2y_turnover,"{""advanced_features"":[""atr_norm_14"",""atr_norm_28""],""alpha"":0.5,""exit_fraction"":0.15,""num_boost_round"":100,""ranking"":{""bagging_fraction"":0.8,""bagging_freq"":1,""bagging_seed"":42,""data_random_seed"":42,""deterministic"":true,""feature_fraction"":0.8,""feature_fraction_seed"":42,""force_col_wise"":true,""label_gain"":[0,1,2,3,4,5,6,7,8,9],""lambdarank_norm"":true,""lambdarank_truncation_level"":500,""learning_rate"":0.05,""max_bin"":63,""metric"":""None"",""min_data_in_leaf"":1000,""num_leaves"":31,""num_threads"":4,""objective"":""lambdarank"",""seed"":42,""verbosity"":-1},""window_years"":2}",trailing_2y,2022|2023|2024,42,0.09171813778522382,0.12654858219182777,0.7607840390227366,0.7961432506887052,0.26397765179475147,0.22206108768781027,0.1684621591249805,0.36534190639195846,0.04537057005901698,0.32628346600620795,D:\codex\fintechathon2026\experiments\manifests\phase15_artifacts_4E918E8398A4.json,4E918E8398A4F448382CA7DA5C5AA2219CC16CF232422E3E821D136F72DEE925,"[""D:\\codex\\fintechathon2026\\models\\phase15_stability\\trailing_2y"",""D:\\codex\\fintechathon2026\\reports\\tables\\phase15_window_comparison.csv""]",equal_weight_fold_summary_no_test_data,54800CCD84FAB613DE90E5EAF0CE3BC6A700C71FF2CFA7AEB7B6C6165C4E9EDF
p16_locked_ensemble_v1,2026-09-11T10:59:49+08:00,fold,fold_2022,UNBORN,True,591F5023B0521E80AC701FFE97A124538CE535F4BC2FDDF4F7331CB03DA4CCA0,D:\codex\fintechathon2026\experiments\manifests\source_591F5023B052.json,D:\codex\fintechathon2026\experiments\configs\phase16_finalization_D7793EDB6B58.yaml,D7793EDB6B586BB4D7B2DBD87679415DE34256A06F40621FB3A9BA8E765DD572,phase16_locked_blend,MULTI_COMPONENT,locked_rank_ensemble,"{""alpha"":0.5,""exit_fraction"":0.15,""regression_sleeve_weights"":{""lightgbm"":0.65,""ridge"":0.35},""weights"":{""atr_2y"":0.2,""ranker_base"":0.6,""regression_sleeve"":0.2}}",component_specific_past_only,2022,42,0.1073961817544585,0.10030199880269838,1.0707282311064898,0.871900826446281,0.43028396368026733,0.2991558313369751,0.0794051200313201,0.4482221347371643,,,D:\codex\fintechathon2026\experiments\manifests\phase16_artifacts_D348C8027D74.json,D348C8027D74250C2D5AB1BB228917AFA660CCF6CB6B006FE24175C5D4E04532,"[""D:\\codex\\fintechathon2026\\models\\phase16_final\\fold_2022\\final_ensemble_oof.parquet""]",phase16_oof_selection_no_test_data,94F8BF467B5BD15C6AB85DA01694093D18E6E5EC4A6F025655E70D297120D8F6
p16_locked_ensemble_v1,2026-09-11T10:59:49+08:00,fold,fold_2023,UNBORN,True,591F5023B0521E80AC701FFE97A124538CE535F4BC2FDDF4F7331CB03DA4CCA0,D:\codex\fintechathon2026\experiments\manifests\source_591F5023B052.json,D:\codex\fintechathon2026\experiments\configs\phase16_finalization_D7793EDB6B58.yaml,D7793EDB6B586BB4D7B2DBD87679415DE34256A06F40621FB3A9BA8E765DD572,phase16_locked_blend,MULTI_COMPONENT,locked_rank_ensemble,"{""alpha"":0.5,""exit_fraction"":0.15,""regression_sleeve_weights"":{""lightgbm"":0.65,""ridge"":0.35},""weights"":{""atr_2y"":0.2,""ranker_base"":0.6,""regression_sleeve"":0.2}}",component_specific_past_only,2023,42,0.11011239908121082,0.11359669190285879,0.9693275150597912,0.8140495867768595,0.3225186765193939,0.3419419527053833,0.22535121321940899,0.3731952045829443,,,D:\codex\fintechathon2026\experiments\manifests\phase16_artifacts_D348C8027D74.json,D348C8027D74250C2D5AB1BB228917AFA660CCF6CB6B006FE24175C5D4E04532,"[""D:\\codex\\fintechathon2026\\models\\phase16_final\\fold_2023\\final_ensemble_oof.parquet""]",phase16_oof_selection_no_test_data,8309AA4A6661322A0BD23909D60BF8AE91D73F291E072A19DF49CB919A99E5CE
p16_locked_ensemble_v1,2026-09-11T10:59:49+08:00,fold,fold_2024,UNBORN,True,591F5023B0521E80AC701FFE97A124538CE535F4BC2FDDF4F7331CB03DA4CCA0,D:\codex\fintechathon2026\experiments\manifests\source_591F5023B052.json,D:\codex\fintechathon2026\experiments\configs\phase16_finalization_D7793EDB6B58.yaml,D7793EDB6B586BB4D7B2DBD87679415DE34256A06F40621FB3A9BA8E765DD572,phase16_locked_blend,MULTI_COMPONENT,locked_rank_ensemble,"{""alpha"":0.5,""exit_fraction"":0.15,""regression_sleeve_weights"":{""lightgbm"":0.65,""ridge"":0.35},""weights"":{""atr_2y"":0.2,""ranker_base"":0.6,""regression_sleeve"":0.2}}",component_specific_past_only,2024,42,0.09915365872871762,0.15420178401086504,0.6430123968068441,0.7727272727272727,0.2531857490539551,0.23914118111133575,0.3055421730852112,0.3239545377722263,,,D:\codex\fintechathon2026\experiments\manifests\phase16_artifacts_D348C8027D74.json,D348C8027D74250C2D5AB1BB228917AFA660CCF6CB6B006FE24175C5D4E04532,"[""D:\\codex\\fintechathon2026\\models\\phase16_final\\fold_2024\\final_ensemble_oof.parquet""]",phase16_oof_selection_no_test_data,D133AA70D592F879265EA7BB306E2E55C01AC3DD6E379E2E03BA4D28F5511992
p16_locked_ensemble_v1,2026-09-11T10:59:49+08:00,summary,all_equal_weight,UNBORN,True,591F5023B0521E80AC701FFE97A124538CE535F4BC2FDDF4F7331CB03DA4CCA0,D:\codex\fintechathon2026\experiments\manifests\source_591F5023B052.json,D:\codex\fintechathon2026\experiments\configs\phase16_finalization_D7793EDB6B58.yaml,D7793EDB6B586BB4D7B2DBD87679415DE34256A06F40621FB3A9BA8E765DD572,phase16_locked_blend,MULTI_COMPONENT,locked_rank_ensemble,"{""alpha"":0.5,""exit_fraction"":0.15,""regression_sleeve_weights"":{""lightgbm"":0.65,""ridge"":0.35},""weights"":{""atr_2y"":0.2,""ranker_base"":0.6,""regression_sleeve"":0.2}}",final_models_fit_through_2024,2022|2023|2024,42,0.10555407985479565,0.12270015823880741,0.8943560476577083,0.8195592286501377,0.33532946308453876,0.2934129883845647,0.20343283544531343,0.381790625697445,0.06257811008620962,0.3239545377722263,D:\codex\fintechathon2026\experiments\manifests\phase16_artifacts_D348C8027D74.json,D348C8027D74250C2D5AB1BB228917AFA660CCF6CB6B006FE24175C5D4E04532,"[""D:\\codex\\fintechathon2026\\models\\phase16_final"", ""D:\\codex\\fintechathon2026\\reports\\tables\\phase16_ensemble_grid.parquet""]",final_configuration_frozen_for_phase17,19218C62CE303F821F2708E8B55C1B075CB5C216791367914C20269338D54F7C
p17_test_prediction_v1,2026-09-11T11:14:45+08:00,summary,test_inference,UNBORN,True,445C107B570A4C11B142CF52614C0759F04F4B637B3052435DB830C5E3D6DE2D,D:\codex\fintechathon2026\experiments\manifests\source_445C107B570A.json,D:\codex\fintechathon2026\experiments\configs\phase17_prediction_DAAE6299EB12.yaml,DAAE6299EB1208D83BEFDDF4037894598BA74706D86D9293435DC9C21FE0B384,phase17_component_views,MULTI_COMPONENT,locked_phase16_ensemble_inference,"{""annual_excess"":0.33532946308453876,""atr_2y_weight"":0.2,""candidate"":""ranker_0.60__atr2y_0.20__reg_0.20"",""final_score"":0.381790625697445,""final_score_std"":0.06257811008620962,""final_score_worst"":0.3239545377722263,""ic_mean"":0.10555407985479565,""ic_positive_ratio"":0.8195592286501377,""ic_std"":0.12270015823880741,""icir"":0.8943560476577083,""mean_turnover"":0.20343283544531343,""ranker_weight"":0.6,""regression_sleeve_weight"":0.2,""top1_annual_ret"":0.2934129883845647}",warmup_20231220_20241231,test_20250102_20260608,42,,,,,,,,,,,D:\codex\fintechathon2026\experiments\manifests\phase17_artifacts_C05798DDE997.json,C05798DDE9971667E2479A477334F5F80C439490141599AAA6E080C0D8835232,"[""D:\\codex\\fintechathon2026\\models\\phase17_prediction\\test_predictions.parquet""]",label_free_test_inference_state_continued_no_submission_csv,C1C49ED39835C718BA3020ADA2567079BD5D5B8F23760BBF8BC315FFB52D613E
p18_submission_validation_v1,2026-09-11T11:27:44+08:00,summary,submission_validation,UNBORN,True,9D9180501181DC4ADAE2D6BCF2DDDC7C2B1947391FDA45BE3BB4E46AE86F4058,D:\codex\fintechathon2026\experiments\manifests\source_9D9180501181.json,D:\codex\fintechathon2026\experiments\configs\phase18_submission_25AFD1DC916D.yaml,25AFD1DC916D5D4B8C9197B77992FDD394B11FAD6A99AEE7AB65F47765CDCD55,phase17_locked_prediction,FAD7277364F2642871337DC3035C9F20988D6FC93881C79DEA46632A262B74EB,submission_contract_validation,"{""columns"":[""ts_code"",""trade_date"",""pred""],""prediction_dtype"":""float32"",""preserve_raw_test_order"":true}",not_applicable,hidden_test_unscored,42,,,,,,,,,,,D:\codex\fintechathon2026\experiments\manifests\phase18_artifacts_D643845EE8DF.json,D643845EE8DFFE51BB82E72FA88112C3755A9F79DA9BBD15B72E8D1DDDE8F61F,"[""D:\\codex\\fintechathon2026\\submissions\\submission_p16_locked_ensemble_v1.csv""]",csv_roundtrip_validated_no_hidden_labels_no_metric,51930F17F18382D7B7DA599B50469922D2252CBDAB1A75D3DB9C72532F1BB562
p19_final_delivery_v1,2026-09-11T11:54:59+08:00,summary,final_delivery,UNBORN,True,8486ED2FA3DF935B0724FE6944D308F17309928D05BC338DC0911F083F51DE40,D:\codex\fintechathon2026\experiments\manifests\source_8486ED2FA3DF.json,D:\codex\fintechathon2026\experiments\configs\phase19_report_3D3699599D43.yaml,3D3699599D43750FB5DDB8FF65F5DA3DFEF30A63AB3052B59A71A9B09AC353C8,final_documentation,NOT_APPLICABLE,report_and_reproducibility_delivery,"{""pdf_pages"":8}",2018_2024,2022_2024_oof,42,,,,,,,,,,,D:\codex\fintechathon2026\FINAL_DELIVERY_MANIFEST.json,530B3667880586083F0C687F1FDE2808D3A3E6EA45C5F17CBB986245C1438355,"[""D:\\codex\\fintechathon2026\\output\\pdf\\fintechathon2026_task5_report.pdf"", ""D:\\codex\\fintechathon2026\\reports\\final_report.md"", ""D:\\codex\\fintechathon2026\\REPRODUCIBILITY.md""]",eight_page_report_no_hidden_test_score,C1B13F3146E898DCE76DFF5711CA66B39AF4B477C29D2998247CF8D7E615112C
